Workbook

Sheet fold 1
A1: Model | B1: Accuracy | C1: Precision | D1: Recall | E1: F1 Score | F1: Jaccard Index | G1: Matthews CorrCoef | H1: Cohen’s Kappa | I1: Specificity | J1: AUC
A2: ET-OvR | B2: 0.9464 | C2: 0.94660153 | D2: 0.9464 | E2: 0.94623088 | F2: 0.899051 | G2: 0.93312953 | H2: 0.933 | I2: 0.9866 | J2: 0.994809
A3: RF-OvR | B3: 0.9388 | C3: 0.93879464 | D3: 0.9388 | E3: 0.93866468 | F3: 0.88584012 | G3: 0.92356336 | H3: 0.9235 | I3: 0.9847 | J3: 0.993938

Sheet fold 2
A1: Model | B1: Accuracy | C1: Precision | D1: Recall | E1: F1 Score | F1: Jaccard Index | G1: Matthews CorrCoef | H1: Cohen’s Kappa | I1: Specificity | J1: AUC
A2: ET-OvR | B2: 0.952 | C2: 0.95196905 | D2: 0.952 | E2: 0.95194132 | F2: 0.90888347 | G2: 0.94002124 | H2: 0.94 | I2: 0.988 | J2: 0.996277
A3: RF-OvR | B3: 0.9444 | C3: 0.94428679 | D3: 0.9444 | E3: 0.94430478 | F3: 0.89526162 | G3: 0.93051917 | H3: 0.9305 | I3: 0.9861 | J3: 0.9953745

Sheet fold 3
A1: Model | B1: Accuracy | C1: Precision | D1: Recall | E1: F1 Score | F1: Jaccard Index | G1: Matthews CorrCoef | H1: Cohen’s Kappa | I1: Specificity | J1: AUC
A2: ET-OvR | B2: 0.9536 | C2: 0.95363618 | D2: 0.9536 | E2: 0.95356163 | F2: 0.91180678 | G2: 0.94202732 | H2: 0.942 | I2: 0.9884 | J2: 0.9963695
A3: RF-OvR | B3: 0.9468 | C3: 0.94677673 | D3: 0.9468 | E3: 0.94670684 | F3: 0.89964176 | G3: 0.9335394 | H3: 0.9335 | I3: 0.9867 | J3: 0.994722

Sheet fold 4
A1: Model | B1: Accuracy | C1: Precision | D1: Recall | E1: F1 Score | F1: Jaccard Index | G1: Matthews CorrCoef | H1: Cohen’s Kappa | I1: Specificity | J1: AUC
A2: ET-OvR | B2: 0.962 | C2: 0.96189746 | D2: 0.962 | E2: 0.96191168 | F2: 0.92723163 | G2: 0.95251848 | H2: 0.9525 | I2: 0.9905 | J2: 0.997908
A3: RF-OvR | B3: 0.9556 | C3: 0.95549291 | D3: 0.9556 | E3: 0.95546521 | F3: 0.9155064 | G3: 0.94454024 | H3: 0.9445 | I3: 0.9889 | J3: 0.9966875

Sheet fold 5
A1: Model | B1: Accuracy | C1: Precision | D1: Recall | E1: F1 Score | F1: Jaccard Index | G1: Matthews CorrCoef | H1: Cohen’s Kappa | I1: Specificity | J1: AUC
A2: ET-OvR | B2: 0.9544 | C2: 0.95440714 | D2: 0.9544 | E2: 0.9541104 | F2: 0.91293718 | G2: 0.94314393 | H2: 0.943 | I2: 0.9886 | J2: 0.9973585
A3: RF-OvR | B3: 0.938 | C3: 0.93793151 | D3: 0.938 | E3: 0.93747174 | F3: 0.88334124 | G3: 0.92274105 | H3: 0.9225 | I3: 0.9845 | J3: 0.996116

Sheet summery
A1: Model | B1: Accuracy | C1: Precision | D1: Recall | E1: F1 Score | F1: Jaccard Index | G1: Matthews CorrCoef | H1: Cohen’s Kappa | I1: Specificity | J1: AUC | L1: Model | M1: Accuracy | N1: Precision | O1: Recall | P1: F1 Score | Q1: Jaccard Index | R1: Matthews CorrCoef | S1: Cohen’s Kappa | T1: Specificity | U1: AUC
A2: ET-OvR | B2: =AVERAGE('fold 1'!B2,'fold 2'!B2,'fold 3'!B2,'fold 4'!B2,'fold 5'!B2) -> 0.95368 | C2: =AVERAGE('fold 1'!C2,'fold 2'!C2,'fold 3'!C2,'fold 4'!C2,'fold 5'!C2) -> 0.95370227 | D2: =AVERAGE('fold 1'!D2,'fold 2'!D2,'fold 3'!D2,'fold 4'!D2,'fold 5'!D2) -> 0.95368 | E2: =AVERAGE('fold 1'!E2,'fold 2'!E2,'fold 3'!E2,'fold 4'!E2,'fold 5'!E2) -> 0.95355118 | F2: =AVERAGE('fold 1'!F2,'fold 2'!F2,'fold 3'!F2,'fold 4'!F2,'fold 5'!F2) -> 0.91198201 | G2: =AVERAGE('fold 1'!G2,'fold 2'!G2,'fold 3'!G2,'fold 4'!G2,'fold 5'!G2) -> 0.9421681 | H2: =AVERAGE('fold 1'!H2,'fold 2'!H2,'fold 3'!H2,'fold 4'!H2,'fold 5'!H2) -> 0.9421 | I2: =AVERAGE('fold 1'!I2,'fold 2'!I2,'fold 3'!I2,'fold 4'!I2,'fold 5'!I2) -> 0.98842 | J2: =AVERAGE('fold 1'!J2,'fold 2'!J2,'fold 3'!J2,'fold 4'!J2,'fold 5'!J2) -> 0.9965444 | L2: ET-OvR | M2: =_xlfn.STDEV.P('fold 1'!B2,'fold 2'!B2,'fold 3'!B2,'fold 4'!B2,'fold 5'!B2) -> 0.0050113471 | N2: =_xlfn.STDEV.P('fold 1'!C2,'fold 2'!C2,'fold 3'!C2,'fold 4'!C2,'fold 5'!C2) -> 0.0049211154 | O2: =_xlfn.STDEV.P('fold 1'!D2,'fold 2'!D2,'fold 3'!D2,'fold 4'!D2,'fold 5'!D2) -> 0.0050113471 | P2: =_xlfn.STDEV.P('fold 1'!E2,'fold 2'!E2,'fold 3'!E2,'fold 4'!E2,'fold 5'!E2) -> 0.005027706 | Q2: =_xlfn.STDEV.P('fold 1'!F2,'fold 2'!F2,'fold 3'!F2,'fold 4'!F2,'fold 5'!F2) -> 0.0090587618 | R2: =_xlfn.STDEV.P('fold 1'!G2,'fold 2'!G2,'fold 3'!G2,'fold 4'!G2,'fold 5'!G2) -> 0.0062354984 | S2: =_xlfn.STDEV.P('fold 1'!H2,'fold 2'!H2,'fold 3'!H2,'fold 4'!H2,'fold 5'!H2) -> 0.0062641839 | T2: =_xlfn.STDEV.P('fold 1'!I2,'fold 2'!I2,'fold 3'!I2,'fold 4'!I2,'fold 5'!I2) -> 0.0012528368 | U2: =_xlfn.STDEV.P('fold 1'!J2,'fold 2'!J2,'fold 3'!J2,'fold 4'!J2,'fold 5'!J2) -> 0.0010616845
A3: RF-OvR | B3: =AVERAGE('fold 1'!B3,'fold 2'!B3,'fold 3'!B3,'fold 4'!B3,'fold 5'!B3) -> 0.94472 | C3: =AVERAGE('fold 1'!C3,'fold 2'!C3,'fold 3'!C3,'fold 4'!C3,'fold 5'!C3) -> 0.94465652 | D3: =AVERAGE('fold 1'!D3,'fold 2'!D3,'fold 3'!D3,'fold 4'!D3,'fold 5'!D3) -> 0.94472 | E3: =AVERAGE('fold 1'!E3,'fold 2'!E3,'fold 3'!E3,'fold 4'!E3,'fold 5'!E3) -> 0.94452265 | F3: =AVERAGE('fold 1'!F3,'fold 2'!F3,'fold 3'!F3,'fold 4'!F3,'fold 5'!F3) -> 0.89591823 | G3: =AVERAGE('fold 1'!G3,'fold 2'!G3,'fold 3'!G3,'fold 4'!G3,'fold 5'!G3) -> 0.93098064 | H3: =AVERAGE('fold 1'!H3,'fold 2'!H3,'fold 3'!H3,'fold 4'!H3,'fold 5'!H3) -> 0.9309 | I3: =AVERAGE('fold 1'!I3,'fold 2'!I3,'fold 3'!I3,'fold 4'!I3,'fold 5'!I3) -> 0.98618 | J3: =AVERAGE('fold 1'!J3,'fold 2'!J3,'fold 3'!J3,'fold 4'!J3,'fold 5'!J3) -> 0.9953676 | L3: RF-OvR | M3: =_xlfn.STDEV.P('fold 1'!B3,'fold 2'!B3,'fold 3'!B3,'fold 4'!B3,'fold 5'!B3) -> 0.0063719385 | N3: =_xlfn.STDEV.P('fold 1'!C3,'fold 2'!C3,'fold 3'!C3,'fold 4'!C3,'fold 5'!C3) -> 0.0063505393 | O3: =_xlfn.STDEV.P('fold 1'!D3,'fold 2'!D3,'fold 3'!D3,'fold 4'!D3,'fold 5'!D3) -> 0.0063719385 | P3: =_xlfn.STDEV.P('fold 1'!E3,'fold 2'!E3,'fold 3'!E3,'fold 4'!E3,'fold 5'!E3) -> 0.0064589314 | Q3: =_xlfn.STDEV.P('fold 1'!F3,'fold 2'!F3,'fold 3'!F3,'fold 4'!F3,'fold 5'!F3) -> 0.011469447 | R3: =_xlfn.STDEV.P('fold 1'!G3,'fold 2'!G3,'fold 3'!G3,'fold 4'!G3,'fold 5'!G3) -> 0.0079187092 | S3: =_xlfn.STDEV.P('fold 1'!H3,'fold 2'!H3,'fold 3'!H3,'fold 4'!H3,'fold 5'!H3) -> 0.0079649231 | T3: =_xlfn.STDEV.P('fold 1'!I3,'fold 2'!I3,'fold 3'!I3,'fold 4'!I3,'fold 5'!I3) -> 0.0015929846 | U3: =_xlfn.STDEV.P('fold 1'!J3,'fold 2'!J3,'fold 3'!J3,'fold 4'!J3,'fold 5'!J3) -> 0.00097599608
A5: Model | B5: Accuracy | C5: Precision | D5: Recall | E5: F1 Score | F5: Jaccard Index | G5: Matthews CorrCoef | H5: Cohen’s Kappa | I5: Specificity | J5: AUC
A6: ET-OvR | B6: =_xlfn.CONCAT(TEXT(B2*100,"0.00"),"±",TEXT(M2*100,"0.00"),"%") -> 95.37±0.50% | C6: =_xlfn.CONCAT(TEXT(C2*100,"0.00"),"±",TEXT(N2*100,"0.00"),"%") -> 95.37±0.49% | D6: =_xlfn.CONCAT(TEXT(D2*100,"0.00"),"±",TEXT(O2*100,"0.00"),"%") -> 95.37±0.50% | E6: =_xlfn.CONCAT(TEXT(E2*100,"0.00"),"±",TEXT(P2*100,"0.00"),"%") -> 95.36±0.50% | F6: =_xlfn.CONCAT(TEXT(F2*100,"0.00"),"±",TEXT(Q2*100,"0.00"),"%") -> 91.20±0.91% | G6: =_xlfn.CONCAT(TEXT(G2*100,"0.00"),"±",TEXT(R2*100,"0.00"),"%") -> 94.22±0.62% | H6: =_xlfn.CONCAT(TEXT(H2*100,"0.00"),"±",TEXT(S2*100,"0.00"),"%") -> 94.21±0.63% | I6: =_xlfn.CONCAT(TEXT(I2*100,"0.00"),"±",TEXT(T2*100,"0.00"),"%") -> 98.84±0.13% | J6: =_xlfn.CONCAT(TEXT(J2*100,"0.00"),"±",TEXT(U2*100,"0.00"),"%") -> 99.65±0.11%
A7: RF-OvR | B7: =_xlfn.CONCAT(TEXT(B3*100,"0.00"),"±",TEXT(M3*100,"0.00"),"%") -> 94.47±0.64% | C7: =_xlfn.CONCAT(TEXT(C3*100,"0.00"),"±",TEXT(N3*100,"0.00"),"%") -> 94.47±0.64% | D7: =_xlfn.CONCAT(TEXT(D3*100,"0.00"),"±",TEXT(O3*100,"0.00"),"%") -> 94.47±0.64% | E7: =_xlfn.CONCAT(TEXT(E3*100,"0.00"),"±",TEXT(P3*100,"0.00"),"%") -> 94.45±0.65% | F7: =_xlfn.CONCAT(TEXT(F3*100,"0.00"),"±",TEXT(Q3*100,"0.00"),"%") -> 89.59±1.15% | G7: =_xlfn.CONCAT(TEXT(G3*100,"0.00"),"±",TEXT(R3*100,"0.00"),"%") -> 93.10±0.79% | H7: =_xlfn.CONCAT(TEXT(H3*100,"0.00"),"±",TEXT(S3*100,"0.00"),"%") -> 93.09±0.80% | I7: =_xlfn.CONCAT(TEXT(I3*100,"0.00"),"±",TEXT(T3*100,"0.00"),"%") -> 98.62±0.16% | J7: =_xlfn.CONCAT(TEXT(J3*100,"0.00"),"±",TEXT(U3*100,"0.00"),"%") -> 99.54±0.10%
A9: Model | B9: Accuracy | C9: Precision | D9: Recall | E9: F1 Score | F9: Jaccard Index | G9: Matthews CorrCoef | H9: Cohen’s Kappa | I9: Specificity | J9: AUC | L9: evaluation metric | M9: ET-OvR | N9: RF-OvR
A10: ET-OvR | B10: 95.37±0.50% | C10: 95.37±0.49% | D10: 95.37±0.50% | E10: 95.36±0.50% | F10: 91.20±0.91% | G10: 94.22±0.62% | H10: 94.21±0.63% | I10: 98.84±0.13% | J10: 99.65±0.11% | L10: Accuracy | M10: 95.37±0.50% | N10: 94.47±0.64%
A11: RF-OvR | B11: 94.47±0.64% | C11: 94.47±0.64% | D11: 94.47±0.64% | E11: 94.45±0.65% | F11: 89.59±1.15% | G11: 93.10±0.79% | H11: 93.09±0.80% | I11: 98.62±0.16% | J11: 99.54±0.10% | L11: Precision | M11: 95.37±0.49% | N11: 94.47±0.64%
L12: Recall | M12: 95.37±0.50% | N12: 94.47±0.64%
L13: F1 Score | M13: 95.36±0.50% | N13: 94.45±0.65%
L14: Jaccard Index | M14: 91.20±0.91% | N14: 89.59±1.15%
L15: Matthews CorrCoef | M15: 94.22±0.62% | N15: 93.10±0.79%
L16: Cohen’s Kappa | M16: 94.21±0.63% | N16: 93.09±0.80%
L17: Specificity | M17: 98.84±0.13% | N17: 98.62±0.16%
L18: AUC | M18: 99.65±0.11% | N18: 99.54±0.10%
