Workbook

Sheet Fold1
A1: fold | B1: model | C1: accuracy | D1: precision | E1: recall | F1: f1 | G1: jaccard | H1: mcc | I1: kappa | J1: specificity | K1: auc
A2: 1 | B2: Bagging Classifier | C2: 0.9684 | D2: 0.96883364 | E2: 0.9684 | F2: 0.96843877 | G2: 0.93957457 | H2: 0.96059011 | I2: 0.9605 | J2: 0.9921 | K2: 0.9962445
A3: 1 | B3: Decision Tree | C3: 0.9472 | D3: 0.947537 | E3: 0.9472 | F3: 0.94732869 | G3: 0.90139146 | H3: 0.93401961 | I3: 0.934 | J3: 0.9868 | K3: 0.967
A4: 1 | B4: Extra Trees | C4: 0.9712 | D4: 0.97115589 | E4: 0.9712 | F4: 0.9711536 | G4: 0.94458472 | H4: 0.96401215 | I4: 0.964 | J4: 0.9928 | K4: 0.998795
A5: 1 | B5: K-Nearest Neighbors | C5: 0.8892 | D5: 0.89155038 | E5: 0.8892 | F5: 0.8884208 | G5: 0.80093787 | H5: 0.8624143 | I5: 0.8615 | J5: 0.9723 | K5: 0.979777
A6: 1 | B6: LightGBM | C6: 0.982 | D6: 0.98200144 | E6: 0.982 | F6: 0.98198933 | G6: 0.96491986 | H6: 0.97750567 | I6: 0.9775 | J6: 0.9955 | K6: 0.9993956
A7: 1 | B7: Random Forest | C7: 0.966 | D7: 0.96594861 | E7: 0.966 | F7: 0.96593184 | G7: 0.93499244 | H7: 0.95752087 | I7: 0.9575 | J7: 0.9915 | K7: 0.998161
A8: 1 | B8: XGBoost | C8: 0.9796 | D8: 0.97958087 | E8: 0.9796 | F8: 0.9795826 | G8: 0.96033926 | H8: 0.9745039 | I8: 0.9745 | J8: 0.9949 | K8: 0.9993934

Sheet Fold2
A1: fold | B1: model | C1: accuracy | D1: precision | E1: recall | F1: f1 | G1: jaccard | H1: mcc | I1: kappa | J1: specificity | K1: auc
A2: 2 | B2: Bagging Classifier | C2: 0.974 | D2: 0.97402978 | E2: 0.974 | F2: 0.97398691 | G2: 0.94958127 | H2: 0.96751393 | I2: 0.9675 | J2: 0.9935 | K2: 0.997125
A3: 2 | B3: Decision Tree | C3: 0.9628 | D3: 0.96283222 | E3: 0.9628 | F3: 0.96278195 | G3: 0.92877952 | H3: 0.95351697 | I3: 0.9535 | J3: 0.9907 | K3: 0.97675
A4: 2 | B4: Extra Trees | C4: 0.9724 | D4: 0.97246679 | E4: 0.9724 | F4: 0.97237338 | G4: 0.9464005 | H4: 0.96552955 | I4: 0.9655 | J4: 0.9931 | K4: 0.9989861
A5: 2 | B5: K-Nearest Neighbors | C5: 0.9016 | D5: 0.90316747 | E5: 0.9016 | F5: 0.90093694 | G5: 0.82109283 | H5: 0.8776933 | I5: 0.877 | J5: 0.9754 | K5: 0.9812966
A6: 2 | B6: LightGBM | C6: 0.986 | D6: 0.98599426 | E6: 0.986 | F6: 0.98599436 | G6: 0.97248094 | H6: 0.98250138 | I6: 0.9825 | J6: 0.9965 | K6: 0.9995552
A7: 2 | B7: Random Forest | C7: 0.97 | D7: 0.9700377 | E7: 0.97 | F7: 0.96998095 | G7: 0.94203499 | H7: 0.96251867 | I7: 0.9625 | J7: 0.9925 | K7: 0.998922
A8: 2 | B8: XGBoost | C8: 0.9812 | D8: 0.98119313 | E8: 0.9812 | F8: 0.98118987 | G8: 0.96324023 | H8: 0.97650332 | I8: 0.9765 | J8: 0.9953 | K8: 0.9995376

Sheet Fold3
A1: fold | B1: model | C1: accuracy | D1: precision | E1: recall | F1: f1 | G1: jaccard | H1: mcc | I1: kappa | J1: specificity | K1: auc
A2: 3 | B2: Bagging Classifier | C2: 0.972 | D2: 0.9719444 | E2: 0.972 | F2: 0.97194243 | G2: 0.94568273 | H2: 0.96501486 | I2: 0.965 | J2: 0.993 | K2: 0.9966063
A3: 3 | B3: Decision Tree | C3: 0.9632 | D3: 0.96314904 | E3: 0.9632 | F3: 0.9631455 | G3: 0.92947968 | H3: 0.95401431 | I3: 0.954 | J3: 0.9908 | K3: 0.977
A4: 3 | B4: Extra Trees | C4: 0.9692 | D4: 0.96919187 | E4: 0.9692 | F4: 0.96913298 | G4: 0.94036411 | H4: 0.96153135 | I4: 0.9615 | J4: 0.9923 | K4: 0.9984163
A5: 3 | B5: K-Nearest Neighbors | C5: 0.884 | D5: 0.88676954 | E5: 0.884 | F5: 0.88296834 | G5: 0.79192804 | H5: 0.85611333 | I5: 0.855 | J5: 0.971 | K5: 0.9801766
A6: 3 | B6: LightGBM | C6: 0.9828 | D6: 0.98281926 | E6: 0.9828 | F6: 0.98276443 | G6: 0.96625623 | H6: 0.97852251 | I6: 0.9785 | J6: 0.9957 | K6: 0.9985852
A7: 3 | B7: Random Forest | C7: 0.9668 | D7: 0.966792 | E7: 0.9668 | F7: 0.96672435 | G7: 0.93582603 | H7: 0.95853547 | I7: 0.9585 | J7: 0.9917 | K7: 0.9977825
A8: 3 | B8: XGBoost | C8: 0.98 | D8: 0.98003977 | E8: 0.98 | F8: 0.9799581 | G8: 0.96088982 | H8: 0.97503062 | I8: 0.975 | J8: 0.995 | K8: 0.9986639

Sheet Fold4
A1: fold | B1: model | C1: accuracy | D1: precision | E1: recall | F1: f1 | G1: jaccard | H1: mcc | I1: kappa | J1: specificity | K1: auc
A2: 4 | B2: Bagging Classifier | C2: 0.9732 | D2: 0.97342004 | E2: 0.9732 | F2: 0.97322217 | G2: 0.94804166 | H2: 0.96654408 | I2: 0.9665 | J2: 0.9933 | K2: 0.9951264
A3: 4 | B3: Decision Tree | C3: 0.9604 | D3: 0.96067298 | E3: 0.9604 | F3: 0.96049814 | G3: 0.92465316 | H3: 0.95051882 | I3: 0.9505 | J3: 0.9901 | K3: 0.97525
A4: 4 | B4: Extra Trees | C4: 0.9692 | D4: 0.96921377 | E4: 0.9692 | F4: 0.9691896 | G4: 0.94052064 | H4: 0.96150846 | I4: 0.9615 | J4: 0.9923 | K4: 0.9987753
A5: 4 | B5: K-Nearest Neighbors | C5: 0.8844 | D5: 0.88582414 | E5: 0.8844 | F5: 0.88344739 | G5: 0.79290331 | H5: 0.85629896 | I5: 0.8555 | J5: 0.9711 | K5: 0.9825376
A6: 4 | B6: LightGBM | C6: 0.9812 | D6: 0.98124215 | E6: 0.9812 | F6: 0.98121255 | G6: 0.96331832 | H6: 0.9765043 | I6: 0.9765 | J6: 0.9953 | K6: 0.9993242
A7: 4 | B7: Random Forest | C7: 0.9628 | D7: 0.96289919 | E7: 0.9628 | F7: 0.96282536 | G7: 0.92863806 | H7: 0.95351201 | I7: 0.9535 | J7: 0.9907 | K7: 0.9981036
A8: 4 | B8: XGBoost | C8: 0.978 | D8: 0.97802412 | E8: 0.978 | F8: 0.97800219 | G8: 0.95711166 | H8: 0.97250486 | I8: 0.9725 | J8: 0.9945 | K8: 0.9992502

Sheet Fold5
A1: fold | B1: model | C1: accuracy | D1: precision | E1: recall | F1: f1 | G1: jaccard | H1: mcc | I1: kappa | J1: specificity | K1: auc
A2: 5 | B2: Bagging Classifier | C2: 0.9744 | D2: 0.97471982 | E2: 0.9744 | F2: 0.97441895 | G2: 0.95025055 | H2: 0.96807009 | I2: 0.968 | J2: 0.9936 | K2: 0.9944703
A3: 5 | B3: Decision Tree | C3: 0.9548 | D3: 0.95493683 | E3: 0.9548 | F3: 0.95484079 | G3: 0.9140294 | H3: 0.94351378 | I3: 0.9435 | J3: 0.9887 | K3: 0.97175
A4: 5 | B4: Extra Trees | C4: 0.9672 | D4: 0.96719869 | E4: 0.9672 | F4: 0.96716741 | G4: 0.93668884 | H4: 0.95901573 | I4: 0.959 | J4: 0.9918 | K4: 0.9987271
A5: 5 | B5: K-Nearest Neighbors | C5: 0.8928 | D5: 0.89579671 | E5: 0.8928 | F5: 0.89197048 | G5: 0.80678432 | H5: 0.86708975 | I5: 0.866 | J5: 0.9732 | K5: 0.9801826
A6: 5 | B6: LightGBM | C6: 0.9832 | D6: 0.98330724 | E6: 0.9832 | F6: 0.98319497 | G6: 0.96701033 | H6: 0.97902918 | I6: 0.979 | J6: 0.9958 | K6: 0.9993298
A7: 5 | B7: Random Forest | C7: 0.9652 | D7: 0.96523767 | E7: 0.9652 | F7: 0.96515841 | G7: 0.93291913 | H7: 0.95653004 | I7: 0.9565 | J7: 0.9913 | K7: 0.9979153
A8: 5 | B8: XGBoost | C8: 0.9812 | D8: 0.98136902 | E8: 0.9812 | F8: 0.981189 | G8: 0.96315436 | H8: 0.97654766 | I8: 0.9765 | J8: 0.9953 | K8: 0.9992286

Sheet Sheet1
A1: model | B1: accuracy | C1: precision | D1: recall | E1: f1 | F1: jaccard | G1: mcc | H1: kappa | I1: specificity | J1: auc | L1: model | M1: accuracy | N1: precision | O1: recall | P1: f1 | Q1: jaccard | R1: mcc | S1: kappa | T1: specificity | U1: auc
A2: Bagging Classifier | B2: =AVERAGE(Fold1!C2,Fold2!C2,Fold3!C2,Fold4!C2,Fold5!C2) -> 0.9724 | C2: =AVERAGE(Fold1!D2,Fold2!D2,Fold3!D2,Fold4!D2,Fold5!D2) -> 0.97258954 | D2: =AVERAGE(Fold1!E2,Fold2!E2,Fold3!E2,Fold4!E2,Fold5!E2) -> 0.9724 | E2: =AVERAGE(Fold1!F2,Fold2!F2,Fold3!F2,Fold4!F2,Fold5!F2) -> 0.97240184 | F2: =AVERAGE(Fold1!G2,Fold2!G2,Fold3!G2,Fold4!G2,Fold5!G2) -> 0.94662616 | G2: =AVERAGE(Fold1!H2,Fold2!H2,Fold3!H2,Fold4!H2,Fold5!H2) -> 0.96554661 | H2: =AVERAGE(Fold1!I2,Fold2!I2,Fold3!I2,Fold4!I2,Fold5!I2) -> 0.9655 | I2: =AVERAGE(Fold1!J2,Fold2!J2,Fold3!J2,Fold4!J2,Fold5!J2) -> 0.9931 | J2: =AVERAGE(Fold1!K2,Fold2!K2,Fold3!K2,Fold4!K2,Fold5!K2) -> 0.9959145 | L2: Bagging Classifier | M2: =_xlfn.STDEV.P(Fold1!C2,Fold2!C2,Fold3!C2,Fold4!C2,Fold5!C2) -> 0.002161481 | N2: =_xlfn.STDEV.P(Fold1!D2,Fold2!D2,Fold3!D2,Fold4!D2,Fold5!D2) -> 0.0020892642 | O2: =_xlfn.STDEV.P(Fold1!E2,Fold2!E2,Fold3!E2,Fold4!E2,Fold5!E2) -> 0.002161481 | P2: =_xlfn.STDEV.P(Fold1!F2,Fold2!F2,Fold3!F2,Fold4!F2,Fold5!F2) -> 0.0021527256 | Q2: =_xlfn.STDEV.P(Fold1!G2,Fold2!G2,Fold3!G2,Fold4!G2,Fold5!G2) -> 0.0038597282 | R2: =_xlfn.STDEV.P(Fold1!H2,Fold2!H2,Fold3!H2,Fold4!H2,Fold5!H2) -> 0.0026863701 | S2: =_xlfn.STDEV.P(Fold1!I2,Fold2!I2,Fold3!I2,Fold4!I2,Fold5!I2) -> 0.0027018512 | T2: =_xlfn.STDEV.P(Fold1!J2,Fold2!J2,Fold3!J2,Fold4!J2,Fold5!J2) -> 0.00054037024 | U2: =_xlfn.STDEV.P(Fold1!K2,Fold2!K2,Fold3!K2,Fold4!K2,Fold5!K2) -> 0.00097566518
A3: Decision Tree | B3: =AVERAGE(Fold1!C3,Fold2!C3,Fold3!C3,Fold4!C3,Fold5!C3) -> 0.95768 | C3: =AVERAGE(Fold1!D3,Fold2!D3,Fold3!D3,Fold4!D3,Fold5!D3) -> 0.95782561 | D3: =AVERAGE(Fold1!E3,Fold2!E3,Fold3!E3,Fold4!E3,Fold5!E3) -> 0.95768 | E3: =AVERAGE(Fold1!F3,Fold2!F3,Fold3!F3,Fold4!F3,Fold5!F3) -> 0.95771902 | F3: =AVERAGE(Fold1!G3,Fold2!G3,Fold3!G3,Fold4!G3,Fold5!G3) -> 0.91966664 | G3: =AVERAGE(Fold1!H3,Fold2!H3,Fold3!H3,Fold4!H3,Fold5!H3) -> 0.9471167 | H3: =AVERAGE(Fold1!I3,Fold2!I3,Fold3!I3,Fold4!I3,Fold5!I3) -> 0.9471 | I3: =AVERAGE(Fold1!J3,Fold2!J3,Fold3!J3,Fold4!J3,Fold5!J3) -> 0.98942 | J3: =AVERAGE(Fold1!K3,Fold2!K3,Fold3!K3,Fold4!K3,Fold5!K3) -> 0.97355 | L3: Decision Tree | M3: =_xlfn.STDEV.P(Fold1!C3,Fold2!C3,Fold3!C3,Fold4!C3,Fold5!C3) -> 0.0060366878 | N3: =_xlfn.STDEV.P(Fold1!D3,Fold2!D3,Fold3!D3,Fold4!D3,Fold5!D3) -> 0.0059281227 | O3: =_xlfn.STDEV.P(Fold1!E3,Fold2!E3,Fold3!E3,Fold4!E3,Fold5!E3) -> 0.0060366878 | P3: =_xlfn.STDEV.P(Fold1!F3,Fold2!F3,Fold3!F3,Fold4!F3,Fold5!F3) -> 0.0059840898 | Q3: =_xlfn.STDEV.P(Fold1!G3,Fold2!G3,Fold3!G3,Fold4!G3,Fold5!G3) -> 0.010676765 | R3: =_xlfn.STDEV.P(Fold1!H3,Fold2!H3,Fold3!H3,Fold4!H3,Fold5!H3) -> 0.0075449275 | S3: =_xlfn.STDEV.P(Fold1!I3,Fold2!I3,Fold3!I3,Fold4!I3,Fold5!I3) -> 0.0075458598 | T3: =_xlfn.STDEV.P(Fold1!J3,Fold2!J3,Fold3!J3,Fold4!J3,Fold5!J3) -> 0.001509172 | U3: =_xlfn.STDEV.P(Fold1!K3,Fold2!K3,Fold3!K3,Fold4!K3,Fold5!K3) -> 0.0037729299
A4: Extra Trees | B4: =AVERAGE(Fold1!C4,Fold2!C4,Fold3!C4,Fold4!C4,Fold5!C4) -> 0.96984 | C4: =AVERAGE(Fold1!D4,Fold2!D4,Fold3!D4,Fold4!D4,Fold5!D4) -> 0.9698454 | D4: =AVERAGE(Fold1!E4,Fold2!E4,Fold3!E4,Fold4!E4,Fold5!E4) -> 0.96984 | E4: =AVERAGE(Fold1!F4,Fold2!F4,Fold3!F4,Fold4!F4,Fold5!F4) -> 0.9698034 | F4: =AVERAGE(Fold1!G4,Fold2!G4,Fold3!G4,Fold4!G4,Fold5!G4) -> 0.94171176 | G4: =AVERAGE(Fold1!H4,Fold2!H4,Fold3!H4,Fold4!H4,Fold5!H4) -> 0.96231945 | H4: =AVERAGE(Fold1!I4,Fold2!I4,Fold3!I4,Fold4!I4,Fold5!I4) -> 0.9623 | I4: =AVERAGE(Fold1!J4,Fold2!J4,Fold3!J4,Fold4!J4,Fold5!J4) -> 0.99246 | J4: =AVERAGE(Fold1!K4,Fold2!K4,Fold3!K4,Fold4!K4,Fold5!K4) -> 0.99873996 | L4: Extra Trees | M4: =_xlfn.STDEV.P(Fold1!C4,Fold2!C4,Fold3!C4,Fold4!C4,Fold5!C4) -> 0.0017995555 | N4: =_xlfn.STDEV.P(Fold1!D4,Fold2!D4,Fold3!D4,Fold4!D4,Fold5!D4) -> 0.0018121923 | O4: =_xlfn.STDEV.P(Fold1!E4,Fold2!E4,Fold3!E4,Fold4!E4,Fold5!E4) -> 0.0017995555 | P4: =_xlfn.STDEV.P(Fold1!F4,Fold2!F4,Fold3!F4,Fold4!F4,Fold5!F4) -> 0.0018001374 | Q4: =_xlfn.STDEV.P(Fold1!G4,Fold2!G4,Fold3!G4,Fold4!G4,Fold5!G4) -> 0.0034264493 | R4: =_xlfn.STDEV.P(Fold1!H4,Fold2!H4,Fold3!H4,Fold4!H4,Fold5!H4) -> 0.0022522578 | S4: =_xlfn.STDEV.P(Fold1!I4,Fold2!I4,Fold3!I4,Fold4!I4,Fold5!I4) -> 0.0022494444 | T4: =_xlfn.STDEV.P(Fold1!J4,Fold2!J4,Fold3!J4,Fold4!J4,Fold5!J4) -> 0.00044988888 | U4: =_xlfn.STDEV.P(Fold1!K4,Fold2!K4,Fold3!K4,Fold4!K4,Fold5!K4) -> 0.00018427392
A5: K-Nearest Neighbors | B5: =AVERAGE(Fold1!C5,Fold2!C5,Fold3!C5,Fold4!C5,Fold5!C5) -> 0.8904 | C5: =AVERAGE(Fold1!D5,Fold2!D5,Fold3!D5,Fold4!D5,Fold5!D5) -> 0.89262165 | D5: =AVERAGE(Fold1!E5,Fold2!E5,Fold3!E5,Fold4!E5,Fold5!E5) -> 0.8904 | E5: =AVERAGE(Fold1!F5,Fold2!F5,Fold3!F5,Fold4!F5,Fold5!F5) -> 0.88954879 | F5: =AVERAGE(Fold1!G5,Fold2!G5,Fold3!G5,Fold4!G5,Fold5!G5) -> 0.80272927 | G5: =AVERAGE(Fold1!H5,Fold2!H5,Fold3!H5,Fold4!H5,Fold5!H5) -> 0.86392193 | H5: =AVERAGE(Fold1!I5,Fold2!I5,Fold3!I5,Fold4!I5,Fold5!I5) -> 0.863 | I5: =AVERAGE(Fold1!J5,Fold2!J5,Fold3!J5,Fold4!J5,Fold5!J5) -> 0.9726 | J5: =AVERAGE(Fold1!K5,Fold2!K5,Fold3!K5,Fold4!K5,Fold5!K5) -> 0.98079408 | L5: K-Nearest Neighbors | M5: =_xlfn.STDEV.P(Fold1!C5,Fold2!C5,Fold3!C5,Fold4!C5,Fold5!C5) -> 0.0064745656 | N5: =_xlfn.STDEV.P(Fold1!D5,Fold2!D5,Fold3!D5,Fold4!D5,Fold5!D5) -> 0.0063701841 | O5: =_xlfn.STDEV.P(Fold1!E5,Fold2!E5,Fold3!E5,Fold4!E5,Fold5!E5) -> 0.0064745656 | P5: =_xlfn.STDEV.P(Fold1!F5,Fold2!F5,Fold3!F5,Fold4!F5,Fold5!F5) -> 0.0065932747 | Q5: =_xlfn.STDEV.P(Fold1!G5,Fold2!G5,Fold3!G5,Fold4!G5,Fold5!G5) -> 0.010677911 | R5: =_xlfn.STDEV.P(Fold1!H5,Fold2!H5,Fold3!H5,Fold4!H5,Fold5!H5) -> 0.0080130225 | S5: =_xlfn.STDEV.P(Fold1!I5,Fold2!I5,Fold3!I5,Fold4!I5,Fold5!I5) -> 0.008093207 | T5: =_xlfn.STDEV.P(Fold1!J5,Fold2!J5,Fold3!J5,Fold4!J5,Fold5!J5) -> 0.0016186414 | U5: =_xlfn.STDEV.P(Fold1!K5,Fold2!K5,Fold3!K5,Fold4!K5,Fold5!K5) -> 0.0010081696
A6: LightGBM | B6: =AVERAGE(Fold1!C6,Fold2!C6,Fold3!C6,Fold4!C6,Fold5!C6) -> 0.98304 | C6: =AVERAGE(Fold1!D6,Fold2!D6,Fold3!D6,Fold4!D6,Fold5!D6) -> 0.98307287 | D6: =AVERAGE(Fold1!E6,Fold2!E6,Fold3!E6,Fold4!E6,Fold5!E6) -> 0.98304 | E6: =AVERAGE(Fold1!F6,Fold2!F6,Fold3!F6,Fold4!F6,Fold5!F6) -> 0.98303113 | F6: =AVERAGE(Fold1!G6,Fold2!G6,Fold3!G6,Fold4!G6,Fold5!G6) -> 0.96679713 | G6: =AVERAGE(Fold1!H6,Fold2!H6,Fold3!H6,Fold4!H6,Fold5!H6) -> 0.9788126 | H6: =AVERAGE(Fold1!I6,Fold2!I6,Fold3!I6,Fold4!I6,Fold5!I6) -> 0.9788 | I6: =AVERAGE(Fold1!J6,Fold2!J6,Fold3!J6,Fold4!J6,Fold5!J6) -> 0.99576 | J6: =AVERAGE(Fold1!K6,Fold2!K6,Fold3!K6,Fold4!K6,Fold5!K6) -> 0.999238 | L6: LightGBM | M6: =_xlfn.STDEV.P(Fold1!C6,Fold2!C6,Fold3!C6,Fold4!C6,Fold5!C6) -> 0.0016316862 | N6: =_xlfn.STDEV.P(Fold1!D6,Fold2!D6,Fold3!D6,Fold4!D6,Fold5!D6) -> 0.0016219266 | O6: =_xlfn.STDEV.P(Fold1!E6,Fold2!E6,Fold3!E6,Fold4!E6,Fold5!E6) -> 0.0016316862 | P6: =_xlfn.STDEV.P(Fold1!F6,Fold2!F6,Fold3!F6,Fold4!F6,Fold5!F6) -> 0.0016291895 | Q6: =_xlfn.STDEV.P(Fold1!G6,Fold2!G6,Fold3!G6,Fold4!G6,Fold5!G6) -> 0.0031070877 | R6: =_xlfn.STDEV.P(Fold1!H6,Fold2!H6,Fold3!H6,Fold4!H6,Fold5!H6) -> 0.002038355 | S6: =_xlfn.STDEV.P(Fold1!I6,Fold2!I6,Fold3!I6,Fold4!I6,Fold5!I6) -> 0.0020396078 | T6: =_xlfn.STDEV.P(Fold1!J6,Fold2!J6,Fold3!J6,Fold4!J6,Fold5!J6) -> 0.00040792156 | U6: =_xlfn.STDEV.P(Fold1!K6,Fold2!K6,Fold3!K6,Fold4!K6,Fold5!K6) -> 0.00033688548
A7: Random Forest | B7: =AVERAGE(Fold1!C7,Fold2!C7,Fold3!C7,Fold4!C7,Fold5!C7) -> 0.96616 | C7: =AVERAGE(Fold1!D7,Fold2!D7,Fold3!D7,Fold4!D7,Fold5!D7) -> 0.96618303 | D7: =AVERAGE(Fold1!E7,Fold2!E7,Fold3!E7,Fold4!E7,Fold5!E7) -> 0.96616 | E7: =AVERAGE(Fold1!F7,Fold2!F7,Fold3!F7,Fold4!F7,Fold5!F7) -> 0.96612418 | F7: =AVERAGE(Fold1!G7,Fold2!G7,Fold3!G7,Fold4!G7,Fold5!G7) -> 0.93488213 | G7: =AVERAGE(Fold1!H7,Fold2!H7,Fold3!H7,Fold4!H7,Fold5!H7) -> 0.95772341 | H7: =AVERAGE(Fold1!I7,Fold2!I7,Fold3!I7,Fold4!I7,Fold5!I7) -> 0.9577 | I7: =AVERAGE(Fold1!J7,Fold2!J7,Fold3!J7,Fold4!J7,Fold5!J7) -> 0.99154 | J7: =AVERAGE(Fold1!K7,Fold2!K7,Fold3!K7,Fold4!K7,Fold5!K7) -> 0.99817688 | L7: Random Forest | M7: =_xlfn.STDEV.P(Fold1!C7,Fold2!C7,Fold3!C7,Fold4!C7,Fold5!C7) -> 0.0023405982 | N7: =_xlfn.STDEV.P(Fold1!D7,Fold2!D7,Fold3!D7,Fold4!D7,Fold5!D7) -> 0.0023221366 | O7: =_xlfn.STDEV.P(Fold1!E7,Fold2!E7,Fold3!E7,Fold4!E7,Fold5!E7) -> 0.0023405982 | P7: =_xlfn.STDEV.P(Fold1!F7,Fold2!F7,Fold3!F7,Fold4!F7,Fold5!F7) -> 0.0023275195 | Q7: =_xlfn.STDEV.P(Fold1!G7,Fold2!G7,Fold3!G7,Fold4!G7,Fold5!G7) -> 0.004356796 | R7: =_xlfn.STDEV.P(Fold1!H7,Fold2!H7,Fold3!H7,Fold4!H7,Fold5!H7) -> 0.002927627 | S7: =_xlfn.STDEV.P(Fold1!I7,Fold2!I7,Fold3!I7,Fold4!I7,Fold5!I7) -> 0.0029257478 | T7: =_xlfn.STDEV.P(Fold1!J7,Fold2!J7,Fold3!J7,Fold4!J7,Fold5!J7) -> 0.00058514955 | U7: =_xlfn.STDEV.P(Fold1!K7,Fold2!K7,Fold3!K7,Fold4!K7,Fold5!K7) -> 0.00039617815
A8: XGBoost | B8: =AVERAGE(Fold1!C8,Fold2!C8,Fold3!C8,Fold4!C8,Fold5!C8) -> 0.98 | C8: =AVERAGE(Fold1!D8,Fold2!D8,Fold3!D8,Fold4!D8,Fold5!D8) -> 0.98004138 | D8: =AVERAGE(Fold1!E8,Fold2!E8,Fold3!E8,Fold4!E8,Fold5!E8) -> 0.98 | E8: =AVERAGE(Fold1!F8,Fold2!F8,Fold3!F8,Fold4!F8,Fold5!F8) -> 0.97998435 | F8: =AVERAGE(Fold1!G8,Fold2!G8,Fold3!G8,Fold4!G8,Fold5!G8) -> 0.96094707 | G8: =AVERAGE(Fold1!H8,Fold2!H8,Fold3!H8,Fold4!H8,Fold5!H8) -> 0.97501807 | H8: =AVERAGE(Fold1!I8,Fold2!I8,Fold3!I8,Fold4!I8,Fold5!I8) -> 0.975 | I8: =AVERAGE(Fold1!J8,Fold2!J8,Fold3!J8,Fold4!J8,Fold5!J8) -> 0.995 | J8: =AVERAGE(Fold1!K8,Fold2!K8,Fold3!K8,Fold4!K8,Fold5!K8) -> 0.99921474 | L8: XGBoost | M8: =_xlfn.STDEV.P(Fold1!C8,Fold2!C8,Fold3!C8,Fold4!C8,Fold5!C8) -> 0.0011865918 | N8: =_xlfn.STDEV.P(Fold1!D8,Fold2!D8,Fold3!D8,Fold4!D8,Fold5!D8) -> 0.0012141301 | O8: =_xlfn.STDEV.P(Fold1!E8,Fold2!E8,Fold3!E8,Fold4!E8,Fold5!E8) -> 0.0011865918 | P8: =_xlfn.STDEV.P(Fold1!F8,Fold2!F8,Fold3!F8,Fold4!F8,Fold5!F8) -> 0.0011828361 | Q8: =_xlfn.STDEV.P(Fold1!G8,Fold2!G8,Fold3!G8,Fold4!G8,Fold5!G8) -> 0.0022456112 | R8: =_xlfn.STDEV.P(Fold1!H8,Fold2!H8,Fold3!H8,Fold4!H8,Fold5!H8) -> 0.0014917336 | S8: =_xlfn.STDEV.P(Fold1!I8,Fold2!I8,Fold3!I8,Fold4!I8,Fold5!I8) -> 0.0014832397 | T8: =_xlfn.STDEV.P(Fold1!J8,Fold2!J8,Fold3!J8,Fold4!J8,Fold5!J8) -> 0.00029664794 | U8: =_xlfn.STDEV.P(Fold1!K8,Fold2!K8,Fold3!K8,Fold4!K8,Fold5!K8) -> 0.00029699569
A13: model | B13: accuracy | C13: precision | D13: recall | E13: f1 | F13: jaccard | G13: mcc | H13: kappa | I13: specificity | J13: auc | M13: Accuracy | N13: Precision | O13: Recall | P13: F1 Score | Q13: Jaccard Index | R13: Matthews CorrCoef | S13: Cohen’s Kappa | T13: Specificity | U13: AUC
A14: Bagging Classifier | B14: =_xlfn.CONCAT(TEXT(B2*100,"0.00"),"±",TEXT(M2*100,"0.00"),"%") -> 97.24±0.22% | C14: =_xlfn.CONCAT(TEXT(C2*100,"0.00"),"±",TEXT(N2*100,"0.00"),"%") -> 97.26±0.21% | D14: =_xlfn.CONCAT(TEXT(D2*100,"0.00"),"±",TEXT(O2*100,"0.00"),"%") -> 97.24±0.22% | E14: =_xlfn.CONCAT(TEXT(E2*100,"0.00"),"±",TEXT(P2*100,"0.00"),"%") -> 97.24±0.22% | F14: =_xlfn.CONCAT(TEXT(F2*100,"0.00"),"±",TEXT(Q2*100,"0.00"),"%") -> 94.66±0.39% | G14: =_xlfn.CONCAT(TEXT(G2*100,"0.00"),"±",TEXT(R2*100,"0.00"),"%") -> 96.55±0.27% | H14: =_xlfn.CONCAT(TEXT(H2*100,"0.00"),"±",TEXT(S2*100,"0.00"),"%") -> 96.55±0.27% | I14: =_xlfn.CONCAT(TEXT(I2*100,"0.00"),"±",TEXT(T2*100,"0.00"),"%") -> 99.31±0.05% | J14: =_xlfn.CONCAT(TEXT(J2*100,"0.00"),"±",TEXT(U2*100,"0.00"),"%") -> 99.59±0.10% | L14: Random Forest | M14: 96.62±0.23% | N14: 96.62±0.23% | O14: 96.62±0.23% | P14: 96.61±0.23% | Q14: 93.49±0.44% | R14: 95.77±0.29% | S14: 95.77±0.29% | T14: 99.15±0.06% | U14: 99.82±0.04%
A15: Decision Tree | B15: =_xlfn.CONCAT(TEXT(B3*100,"0.00"),"±",TEXT(M3*100,"0.00"),"%") -> 95.77±0.60% | C15: =_xlfn.CONCAT(TEXT(C3*100,"0.00"),"±",TEXT(N3*100,"0.00"),"%") -> 95.78±0.59% | D15: =_xlfn.CONCAT(TEXT(D3*100,"0.00"),"±",TEXT(O3*100,"0.00"),"%") -> 95.77±0.60% | E15: =_xlfn.CONCAT(TEXT(E3*100,"0.00"),"±",TEXT(P3*100,"0.00"),"%") -> 95.77±0.60% | F15: =_xlfn.CONCAT(TEXT(F3*100,"0.00"),"±",TEXT(Q3*100,"0.00"),"%") -> 91.97±1.07% | G15: =_xlfn.CONCAT(TEXT(G3*100,"0.00"),"±",TEXT(R3*100,"0.00"),"%") -> 94.71±0.75% | H15: =_xlfn.CONCAT(TEXT(H3*100,"0.00"),"±",TEXT(S3*100,"0.00"),"%") -> 94.71±0.75% | I15: =_xlfn.CONCAT(TEXT(I3*100,"0.00"),"±",TEXT(T3*100,"0.00"),"%") -> 98.94±0.15% | J15: =_xlfn.CONCAT(TEXT(J3*100,"0.00"),"±",TEXT(U3*100,"0.00"),"%") -> 97.36±0.38% | L15: K-Nearest Neighbors | M15: 89.04±0.65% | N15: 89.26±0.64% | O15: 89.04±0.65% | P15: 88.95±0.66% | Q15: 80.27±1.07% | R15: 86.39±0.80% | S15: 86.30±0.81% | T15: 97.26±0.16% | U15: 98.08±0.10%
A16: Extra Trees | B16: =_xlfn.CONCAT(TEXT(B4*100,"0.00"),"±",TEXT(M4*100,"0.00"),"%") -> 96.98±0.18% | C16: =_xlfn.CONCAT(TEXT(C4*100,"0.00"),"±",TEXT(N4*100,"0.00"),"%") -> 96.98±0.18% | D16: =_xlfn.CONCAT(TEXT(D4*100,"0.00"),"±",TEXT(O4*100,"0.00"),"%") -> 96.98±0.18% | E16: =_xlfn.CONCAT(TEXT(E4*100,"0.00"),"±",TEXT(P4*100,"0.00"),"%") -> 96.98±0.18% | F16: =_xlfn.CONCAT(TEXT(F4*100,"0.00"),"±",TEXT(Q4*100,"0.00"),"%") -> 94.17±0.34% | G16: =_xlfn.CONCAT(TEXT(G4*100,"0.00"),"±",TEXT(R4*100,"0.00"),"%") -> 96.23±0.23% | H16: =_xlfn.CONCAT(TEXT(H4*100,"0.00"),"±",TEXT(S4*100,"0.00"),"%") -> 96.23±0.22% | I16: =_xlfn.CONCAT(TEXT(I4*100,"0.00"),"±",TEXT(T4*100,"0.00"),"%") -> 99.25±0.04% | J16: =_xlfn.CONCAT(TEXT(J4*100,"0.00"),"±",TEXT(U4*100,"0.00"),"%") -> 99.87±0.02% | L16: Decision Tree | M16: 95.77±0.60% | N16: 95.78±0.59% | O16: 95.77±0.60% | P16: 95.77±0.60% | Q16: 91.97±1.07% | R16: 94.71±0.75% | S16: 94.71±0.75% | T16: 98.94±0.15% | U16: 97.36±0.38%
A17: K-Nearest Neighbors | B17: =_xlfn.CONCAT(TEXT(B5*100,"0.00"),"±",TEXT(M5*100,"0.00"),"%") -> 89.04±0.65% | C17: =_xlfn.CONCAT(TEXT(C5*100,"0.00"),"±",TEXT(N5*100,"0.00"),"%") -> 89.26±0.64% | D17: =_xlfn.CONCAT(TEXT(D5*100,"0.00"),"±",TEXT(O5*100,"0.00"),"%") -> 89.04±0.65% | E17: =_xlfn.CONCAT(TEXT(E5*100,"0.00"),"±",TEXT(P5*100,"0.00"),"%") -> 88.95±0.66% | F17: =_xlfn.CONCAT(TEXT(F5*100,"0.00"),"±",TEXT(Q5*100,"0.00"),"%") -> 80.27±1.07% | G17: =_xlfn.CONCAT(TEXT(G5*100,"0.00"),"±",TEXT(R5*100,"0.00"),"%") -> 86.39±0.80% | H17: =_xlfn.CONCAT(TEXT(H5*100,"0.00"),"±",TEXT(S5*100,"0.00"),"%") -> 86.30±0.81% | I17: =_xlfn.CONCAT(TEXT(I5*100,"0.00"),"±",TEXT(T5*100,"0.00"),"%") -> 97.26±0.16% | J17: =_xlfn.CONCAT(TEXT(J5*100,"0.00"),"±",TEXT(U5*100,"0.00"),"%") -> 98.08±0.10% | L17: Extra Trees | M17: 96.98±0.18% | N17: 96.98±0.18% | O17: 96.98±0.18% | P17: 96.98±0.18% | Q17: 94.17±0.34% | R17: 96.23±0.23% | S17: 96.23±0.22% | T17: 99.25±0.04% | U17: 99.87±0.02%
A18: LightGBM | B18: =_xlfn.CONCAT(TEXT(B6*100,"0.00"),"±",TEXT(M6*100,"0.00"),"%") -> 98.30±0.16% | C18: =_xlfn.CONCAT(TEXT(C6*100,"0.00"),"±",TEXT(N6*100,"0.00"),"%") -> 98.31±0.16% | D18: =_xlfn.CONCAT(TEXT(D6*100,"0.00"),"±",TEXT(O6*100,"0.00"),"%") -> 98.30±0.16% | E18: =_xlfn.CONCAT(TEXT(E6*100,"0.00"),"±",TEXT(P6*100,"0.00"),"%") -> 98.30±0.16% | F18: =_xlfn.CONCAT(TEXT(F6*100,"0.00"),"±",TEXT(Q6*100,"0.00"),"%") -> 96.68±0.31% | G18: =_xlfn.CONCAT(TEXT(G6*100,"0.00"),"±",TEXT(R6*100,"0.00"),"%") -> 97.88±0.20% | H18: =_xlfn.CONCAT(TEXT(H6*100,"0.00"),"±",TEXT(S6*100,"0.00"),"%") -> 97.88±0.20% | I18: =_xlfn.CONCAT(TEXT(I6*100,"0.00"),"±",TEXT(T6*100,"0.00"),"%") -> 99.58±0.04% | J18: =_xlfn.CONCAT(TEXT(J6*100,"0.00"),"±",TEXT(U6*100,"0.00"),"%") -> 99.92±0.03% | L18: Bagging Classifier | M18: 97.24±0.22% | N18: 97.26±0.21% | O18: 97.24±0.22% | P18: 97.24±0.22% | Q18: 94.66±0.39% | R18: 96.55±0.27% | S18: 96.55±0.27% | T18: 99.31±0.05% | U18: 99.59±0.10%
A19: Random Forest | B19: =_xlfn.CONCAT(TEXT(B7*100,"0.00"),"±",TEXT(M7*100,"0.00"),"%") -> 96.62±0.23% | C19: =_xlfn.CONCAT(TEXT(C7*100,"0.00"),"±",TEXT(N7*100,"0.00"),"%") -> 96.62±0.23% | D19: =_xlfn.CONCAT(TEXT(D7*100,"0.00"),"±",TEXT(O7*100,"0.00"),"%") -> 96.62±0.23% | E19: =_xlfn.CONCAT(TEXT(E7*100,"0.00"),"±",TEXT(P7*100,"0.00"),"%") -> 96.61±0.23% | F19: =_xlfn.CONCAT(TEXT(F7*100,"0.00"),"±",TEXT(Q7*100,"0.00"),"%") -> 93.49±0.44% | G19: =_xlfn.CONCAT(TEXT(G7*100,"0.00"),"±",TEXT(R7*100,"0.00"),"%") -> 95.77±0.29% | H19: =_xlfn.CONCAT(TEXT(H7*100,"0.00"),"±",TEXT(S7*100,"0.00"),"%") -> 95.77±0.29% | I19: =_xlfn.CONCAT(TEXT(I7*100,"0.00"),"±",TEXT(T7*100,"0.00"),"%") -> 99.15±0.06% | J19: =_xlfn.CONCAT(TEXT(J7*100,"0.00"),"±",TEXT(U7*100,"0.00"),"%") -> 99.82±0.04% | L19: XGBoost | M19: 98.00±0.12% | N19: 98.00±0.12% | O19: 98.00±0.12% | P19: 98.00±0.12% | Q19: 96.09±0.22% | R19: 97.50±0.15% | S19: 97.50±0.15% | T19: 99.50±0.03% | U19: 99.92±0.03%
A20: XGBoost | B20: =_xlfn.CONCAT(TEXT(B8*100,"0.00"),"±",TEXT(M8*100,"0.00"),"%") -> 98.00±0.12% | C20: =_xlfn.CONCAT(TEXT(C8*100,"0.00"),"±",TEXT(N8*100,"0.00"),"%") -> 98.00±0.12% | D20: =_xlfn.CONCAT(TEXT(D8*100,"0.00"),"±",TEXT(O8*100,"0.00"),"%") -> 98.00±0.12% | E20: =_xlfn.CONCAT(TEXT(E8*100,"0.00"),"±",TEXT(P8*100,"0.00"),"%") -> 98.00±0.12% | F20: =_xlfn.CONCAT(TEXT(F8*100,"0.00"),"±",TEXT(Q8*100,"0.00"),"%") -> 96.09±0.22% | G20: =_xlfn.CONCAT(TEXT(G8*100,"0.00"),"±",TEXT(R8*100,"0.00"),"%") -> 97.50±0.15% | H20: =_xlfn.CONCAT(TEXT(H8*100,"0.00"),"±",TEXT(S8*100,"0.00"),"%") -> 97.50±0.15% | I20: =_xlfn.CONCAT(TEXT(I8*100,"0.00"),"±",TEXT(T8*100,"0.00"),"%") -> 99.50±0.03% | J20: =_xlfn.CONCAT(TEXT(J8*100,"0.00"),"±",TEXT(U8*100,"0.00"),"%") -> 99.92±0.03% | L20: LightGBM | M20: 98.30±0.16% | N20: 98.31±0.16% | O20: 98.30±0.16% | P20: 98.30±0.16% | Q20: 96.68±0.31% | R20: 97.88±0.20% | S20: 97.88±0.20% | T20: 99.58±0.04% | U20: 99.92±0.03%
M22: RF | N22: KNN | O22: DT | P22: ET | Q22: Bagging | R22: XGB | S22: LGB
L23: Accuracy | M23: 96.62±0.23% | N23: 89.04±0.65% | O23: 95.77±0.60% | P23: 96.98±0.18% | Q23: 97.24±0.22% | R23: 98.00±0.12% | S23: 98.30±0.16%
L24: Precision | M24: 96.62±0.23% | N24: 89.26±0.64% | O24: 95.78±0.59% | P24: 96.98±0.18% | Q24: 97.26±0.21% | R24: 98.00±0.12% | S24: 98.31±0.16%
L25: Recall | M25: 96.62±0.23% | N25: 89.04±0.65% | O25: 95.77±0.60% | P25: 96.98±0.18% | Q25: 97.24±0.22% | R25: 98.00±0.12% | S25: 98.30±0.16%
L26: F1 Score | M26: 96.61±0.23% | N26: 88.95±0.66% | O26: 95.77±0.60% | P26: 96.98±0.18% | Q26: 97.24±0.22% | R26: 98.00±0.12% | S26: 98.30±0.16%
L27: Jaccard Index | M27: 93.49±0.44% | N27: 80.27±1.07% | O27: 91.97±1.07% | P27: 94.17±0.34% | Q27: 94.66±0.39% | R27: 96.09±0.22% | S27: 96.68±0.31%
L28: Matthews CorrCoef | M28: 95.77±0.29% | N28: 86.39±0.80% | O28: 94.71±0.75% | P28: 96.23±0.23% | Q28: 96.55±0.27% | R28: 97.50±0.15% | S28: 97.88±0.20%
L29: Cohen’s Kappa | M29: 95.77±0.29% | N29: 86.30±0.81% | O29: 94.71±0.75% | P29: 96.23±0.22% | Q29: 96.55±0.27% | R29: 97.50±0.15% | S29: 97.88±0.20%
L30: Specificity | M30: 99.15±0.06% | N30: 97.26±0.16% | O30: 98.94±0.15% | P30: 99.25±0.04% | Q30: 99.31±0.05% | R30: 99.50±0.03% | S30: 99.58±0.04%
L31: AUC | M31: 99.82±0.04% | N31: 98.08±0.10% | O31: 97.36±0.38% | P31: 99.87±0.02% | Q31: 99.59±0.10% | R31: 99.92±0.03% | S31: 99.92±0.03%
