Workbook

Sheet fold 1
A1: Model | B1: Accuracy | C1: Precision | D1: Recall | E1: F1 Score | F1: Jaccard Index | G1: Matthews CorrCoef | H1: Cohen’s Kappa | I1: Specificity | J1: AUC
A2: Random Forest | B2: 0.90391909 | C2: 0.93545245 | D2: 0.90391909 | E2: 0.91344706 | F2: 0.85838313 | G2: 0.88193735 | H2: 0.87727296 | I2: 0.98554311 | J2: 1
A3: K-Nearest Neighbors | B3: 0.69152971 | C3: 0.75393689 | D3: 0.69152971 | E3: 0.68762267 | F3: 0.52769219 | G3: 0.64644425 | H3: 0.62831668 | I3: 0.95599636 | J3: 0.99195821
A4: Decision Tree | B4: 0.74083439 | C4: 0.87493416 | D4: 0.74083439 | E4: 0.77497568 | F4: 0.6915282 | G4: 0.7205344 | H4: 0.68748073 | I4: 0.96197811 | J4: 1
A5: Extra Trees | B5: 0.97345133 | C5: 0.97360405 | D5: 0.97345133 | E5: 0.97350183 | F5: 0.95092306 | G5: 0.96516065 | H5: 0.96514687 | I5: 0.99542542 | J5: 1
A6: Bagging Classifier | B6: 0.74083439 | C6: 0.87566021 | D6: 0.74083439 | E6: 0.77421767 | F6: 0.68995401 | G6: 0.72150665 | H6: 0.68779662 | I6: 0.96207696 | J6: 1
A7: XGBoost | B7: 0.74462705 | C7: 0.87986321 | D7: 0.74462705 | E7: 0.77816858 | F7: 0.69447943 | G7: 0.72593259 | H7: 0.69222146 | I7: 0.96271036 | J7: 1
A8: LightGBM | B8: 0.77876106 | C8: 0.89050428 | D8: 0.77876106 | E8: 0.80928494 | F8: 0.72776034 | G8: 0.75479679 | H8: 0.72968936 | I8: 0.96745491 | J8: 1
A9: CatBoost | B9: 0.05562579 | C9: 0.0030942285 | D9: 0.05562579 | E9: 0.0058623587 | F9: 0.0030942285 | G9: 0 | H9: 0 | I9: 0.875 | J9: 1

Sheet fold 2
A1: Model | B1: Accuracy | C1: Precision | D1: Recall | E1: F1 Score | F1: Jaccard Index | G1: Matthews CorrCoef | H1: Cohen’s Kappa | I1: Specificity | J1: AUC
A2: Random Forest | B2: 0.9204 | C2: 0.9571 | D2: 0.9204 | E2: 0.9293 | F2: 0.8803 | G2: 0.9055 | H2: 0.8988 | I2: 0.989 | J2: 1
A3: KNN | B3: 0.6814 | C3: 0.7432 | D3: 0.6814 | E3: 0.6769 | F3: 0.515 | G3: 0.6347 | H3: 0.6162 | I3: 0.9542 | J3: 0.9802
A4: Decision Tree | B4: 0.7332 | C4: 0.867 | D4: 0.7332 | E4: 0.7684 | F4: 0.6853 | G4: 0.711 | H4: 0.6784 | I4: 0.9606 | J4: 1
A5: Extra Trees | B5: 0.981 | C5: 0.9825 | D5: 0.981 | E5: 0.9814 | F5: 0.9649 | G5: 0.9754 | H5: 0.9752 | I5: 0.9971 | J5: 1
A6: Bagging | B6: 0.7307 | C6: 0.8681 | D6: 0.7307 | E6: 0.7658 | F6: 0.6825 | G6: 0.7102 | H6: 0.676 | I6: 0.9604 | J6: 1
A7: XGBoost | B7: 0.7396 | C7: 0.8824 | D7: 0.7396 | E7: 0.7729 | F7: 0.6888 | G7: 0.7245 | H7: 0.6875 | I7: 0.9622 | J7: 1
A8: LightGBM | B8: 0.775 | C8: 0.8896 | D8: 0.775 | E8: 0.8059 | F8: 0.724 | G8: 0.7517 | H8: 0.7256 | I8: 0.9669 | J8: 1
A9: CatBoost | B9: 0.0569 | C9: 0.0032 | D9: 0.0569 | E9: 0.0061 | F9: 0.0032 | G9: 0 | H9: 0 | I9: 0.875 | J9: 1

Sheet fold 3
A1: Model | B1: Accuracy | C1: Precision | D1: Recall | E1: F1 Score | F1: Jaccard Index | G1: Matthews CorrCoef | H1: Cohen’s Kappa | I1: Specificity | J1: AUC
A2: Random Forest | B2: 0.9380531 | C2: 0.9512845 | D2: 0.9380531 | E2: 0.94225764 | F2: 0.90132704 | G2: 0.92130691 | H2: 0.91982401 | I2: 0.99039232 | J2: 1
A3: K-Nearest Neighbors | B3: 0.7079646 | C3: 0.76780335 | D3: 0.7079646 | E3: 0.70835678 | F3: 0.5513169 | G3: 0.661102 | H3: 0.6450903 | I3: 0.95846188 | J3: 0.99378555
A4: Decision Tree | B4: 0.75221239 | C4: 0.87451342 | D4: 0.75221239 | E4: 0.78588305 | F4: 0.70323463 | G4: 0.72735798 | H4: 0.69912865 | I4: 0.96330631 | J4: 1
A5: Extra Trees | B5: 0.97977244 | C5: 0.98043822 | D5: 0.97977244 | E5: 0.98002466 | F5: 0.96266155 | G5: 0.97349936 | H5: 0.97346406 | I5: 0.99660135 | J5: 1
A6: Bagging Classifier | B6: 0.75347661 | C6: 0.87921866 | D6: 0.75347661 | E6: 0.78609161 | F6: 0.70229631 | G6: 0.7316296 | H6: 0.70149095 | I6: 0.96380786 | J6: 1
A7: XGBoost | B7: 0.76106195 | C7: 0.89200281 | D7: 0.76106195 | E7: 0.79288877 | F7: 0.7092704 | G7: 0.74375241 | H7: 0.71129603 | I7: 0.96537676 | J7: 1
A8: LightGBM | B8: 0.80025284 | C8: 0.89904497 | D8: 0.80025284 | E8: 0.82794262 | F8: 0.74879339 | G8: 0.77531977 | H8: 0.75423286 | I8: 0.970591 | J8: 1
A9: CatBoost | B9: 0.056890013 | C9: 0.0032364735 | D9: 0.056890013 | E9: 0.0061245229 | F9: 0.0032364735 | G9: 0 | H9: 0 | I9: 0.875 | J9: 1

Sheet fold 4
A1: Model | B1: Accuracy | C1: Precision | D1: Recall | E1: F1 Score | F1: Jaccard Index | G1: Matthews CorrCoef | H1: Cohen’s Kappa | I1: Specificity | J1: AUC
A2: Random Forest | B2: 0.93426043 | C2: 0.9520711 | D2: 0.93426043 | E2: 0.93954164 | F2: 0.89686014 | G2: 0.91756598 | H2: 0.91524138 | I2: 0.99009434 | J2: 1
A3: K-Nearest Neighbors | B3: 0.69532238 | C3: 0.76339573 | D3: 0.69532238 | E3: 0.69526201 | F3: 0.53577278 | G3: 0.65010178 | H3: 0.63224917 | I3: 0.95695024 | J3: 0.98889765
A4: Decision Tree | B4: 0.77243995 | C4: 0.88352438 | D4: 0.77243995 | E4: 0.8038636 | F4: 0.72232173 | G4: 0.74626323 | H4: 0.72180104 | I4: 0.9662707 | J4: 1
A5: Extra Trees | B5: 0.96713021 | C5: 0.96779377 | D5: 0.96713021 | E5: 0.96740749 | F5: 0.94104471 | G5: 0.95689815 | H5: 0.95686941 | I5: 0.99434313 | J5: 1
A6: Bagging Classifier | B6: 0.77117573 | C6: 0.88271178 | D6: 0.77117573 | E6: 0.80199996 | F6: 0.7181156 | G6: 0.74539812 | H6: 0.72041883 | I6: 0.96610336 | J6: 1
A7: XGBoost | B7: 0.77243995 | C7: 0.88713876 | D7: 0.77243995 | E7: 0.80373728 | F7: 0.72177812 | G7: 0.7484141 | H7: 0.72241285 | I7: 0.96648783 | J7: 1
A8: LightGBM | B8: 0.81415929 | C8: 0.8986667 | D8: 0.81415929 | E8: 0.839569 | F8: 0.7631649 | G8: 0.78579955 | H8: 0.76937312 | I8: 0.9722626 | J8: 1
A9: CatBoost | B9: 0.05562579 | C9: 0.0030942285 | D9: 0.05562579 | E9: 0.0058623587 | F9: 0.0030942285 | G9: 0 | H9: 0 | I9: 0.875 | J9: 1

Sheet fold 5
A1: Model | B1: Accuracy | C1: Precision | D1: Recall | E1: F1 Score | F1: Jaccard Index | G1: Matthews CorrCoef | H1: Cohen’s Kappa | I1: Specificity | J1: AUC
A2: Random Forest | B2: 0.93426043 | C2: 0.9520711 | D2: 0.93426043 | E2: 0.93954164 | F2: 0.89686014 | G2: 0.91756598 | H2: 0.91524138 | I2: 0.99009434 | J2: 1
A3: K-Nearest Neighbors | B3: 0.69532238 | C3: 0.76339573 | D3: 0.69532238 | E3: 0.69526201 | F3: 0.53577278 | G3: 0.65010178 | H3: 0.63224917 | I3: 0.95695024 | J3: 0.98889765
A4: Decision Tree | B4: 0.77243995 | C4: 0.88352438 | D4: 0.77243995 | E4: 0.8038636 | F4: 0.72232173 | G4: 0.74626323 | H4: 0.72180104 | I4: 0.9662707 | J4: 1
A5: Extra Trees | B5: 0.96713021 | C5: 0.96779377 | D5: 0.96713021 | E5: 0.96740749 | F5: 0.94104471 | G5: 0.95689815 | H5: 0.95686941 | I5: 0.99434313 | J5: 1
A6: Bagging Classifier | B6: 0.77117573 | C6: 0.88271178 | D6: 0.77117573 | E6: 0.80199996 | F6: 0.7181156 | G6: 0.74539812 | H6: 0.72041883 | I6: 0.96610336 | J6: 1
A7: XGBoost | B7: 0.77243995 | C7: 0.88713876 | D7: 0.77243995 | E7: 0.80373728 | F7: 0.72177812 | G7: 0.7484141 | H7: 0.72241285 | I7: 0.96648783 | J7: 1
A8: LightGBM | B8: 0.81415929 | C8: 0.8986667 | D8: 0.81415929 | E8: 0.839569 | F8: 0.7631649 | G8: 0.78579955 | H8: 0.76937312 | I8: 0.9722626 | J8: 1
A9: CatBoost | B9: 0.05562579 | C9: 0.0030942285 | D9: 0.05562579 | E9: 0.0058623587 | F9: 0.0030942285 | G9: 0 | H9: 0 | I9: 0.875 | J9: 1

Sheet summary
A1: Model | B1: Accuracy | C1: Precision | D1: Recall | E1: F1 Score | F1: Jaccard Index | G1: Matthews CorrCoef | H1: Cohen’s Kappa | I1: Specificity | J1: AUC | L1: Model | M1: Accuracy | N1: Precision | O1: Recall | P1: F1 Score | Q1: Jaccard Index | R1: Matthews CorrCoef | S1: Cohen’s Kappa | T1: Specificity | U1: AUC
A2: Random Forest | B2: =AVERAGE('fold 1'!B2,'fold 2'!B2,'fold 3'!B2,'fold 4'!B2,'fold 5'!B2) -> 0.92617861 | C2: =AVERAGE('fold 1'!C2,'fold 2'!C2,'fold 3'!C2,'fold 4'!C2,'fold 5'!C2) -> 0.94959583 | D2: =AVERAGE('fold 1'!D2,'fold 2'!D2,'fold 3'!D2,'fold 4'!D2,'fold 5'!D2) -> 0.92617861 | E2: =AVERAGE('fold 1'!E2,'fold 2'!E2,'fold 3'!E2,'fold 4'!E2,'fold 5'!E2) -> 0.9328176 | F2: =AVERAGE('fold 1'!F2,'fold 2'!F2,'fold 3'!F2,'fold 4'!F2,'fold 5'!F2) -> 0.88674609 | G2: =AVERAGE('fold 1'!G2,'fold 2'!G2,'fold 3'!G2,'fold 4'!G2,'fold 5'!G2) -> 0.90877524 | H2: =AVERAGE('fold 1'!H2,'fold 2'!H2,'fold 3'!H2,'fold 4'!H2,'fold 5'!H2) -> 0.90527595 | I2: =AVERAGE('fold 1'!I2,'fold 2'!I2,'fold 3'!I2,'fold 4'!I2,'fold 5'!I2) -> 0.98902482 | J2: =AVERAGE('fold 1'!J2,'fold 2'!J2,'fold 3'!J2,'fold 4'!J2,'fold 5'!J2) -> 1 | L2: Random Forest | M2: =_xlfn.STDEV.P('fold 1'!B2,'fold 2'!B2,'fold 3'!B2,'fold 4'!B2,'fold 5'!B2) -> 0.012653171 | N2: =_xlfn.STDEV.P('fold 1'!C2,'fold 2'!C2,'fold 3'!C2,'fold 4'!C2,'fold 5'!C2) -> 0.0073682203 | O2: =_xlfn.STDEV.P('fold 1'!D2,'fold 2'!D2,'fold 3'!D2,'fold 4'!D2,'fold 5'!D2) -> 0.012653171 | P2: =_xlfn.STDEV.P('fold 1'!E2,'fold 2'!E2,'fold 3'!E2,'fold 4'!E2,'fold 5'!E2) -> 0.010650174 | Q2: =_xlfn.STDEV.P('fold 1'!F2,'fold 2'!F2,'fold 3'!F2,'fold 4'!F2,'fold 5'!F2) -> 0.015894666 | R2: =_xlfn.STDEV.P('fold 1'!G2,'fold 2'!G2,'fold 3'!G2,'fold 4'!G2,'fold 5'!G2) -> 0.014440198 | S2: =_xlfn.STDEV.P('fold 1'!H2,'fold 2'!H2,'fold 3'!H2,'fold 4'!H2,'fold 5'!H2) -> 0.015724955 | T2: =_xlfn.STDEV.P('fold 1'!I2,'fold 2'!I2,'fold 3'!I2,'fold 4'!I2,'fold 5'!I2) -> 0.0018044765 | U2: =_xlfn.STDEV.P('fold 1'!J2,'fold 2'!J2,'fold 3'!J2,'fold 4'!J2,'fold 5'!J2) -> 0
A3: K-Nearest Neighbors | B3: =AVERAGE('fold 1'!B3,'fold 2'!B3,'fold 3'!B3,'fold 4'!B3,'fold 5'!B3) -> 0.69430781 | C3: =AVERAGE('fold 1'!C3,'fold 2'!C3,'fold 3'!C3,'fold 4'!C3,'fold 5'!C3) -> 0.75834634 | D3: =AVERAGE('fold 1'!D3,'fold 2'!D3,'fold 3'!D3,'fold 4'!D3,'fold 5'!D3) -> 0.69430781 | E3: =AVERAGE('fold 1'!E3,'fold 2'!E3,'fold 3'!E3,'fold 4'!E3,'fold 5'!E3) -> 0.69268069 | F3: =AVERAGE('fold 1'!F3,'fold 2'!F3,'fold 3'!F3,'fold 4'!F3,'fold 5'!F3) -> 0.53311093 | G3: =AVERAGE('fold 1'!G3,'fold 2'!G3,'fold 3'!G3,'fold 4'!G3,'fold 5'!G3) -> 0.64848996 | H3: =AVERAGE('fold 1'!H3,'fold 2'!H3,'fold 3'!H3,'fold 4'!H3,'fold 5'!H3) -> 0.63082106 | I3: =AVERAGE('fold 1'!I3,'fold 2'!I3,'fold 3'!I3,'fold 4'!I3,'fold 5'!I3) -> 0.95651174 | J3: =AVERAGE('fold 1'!J3,'fold 2'!J3,'fold 3'!J3,'fold 4'!J3,'fold 5'!J3) -> 0.98874781 | L3: K-Nearest Neighbors | M3: =_xlfn.STDEV.P('fold 1'!B3,'fold 2'!B3,'fold 3'!B3,'fold 4'!B3,'fold 5'!B3) -> 0.0085193434 | N3: =_xlfn.STDEV.P('fold 1'!C3,'fold 2'!C3,'fold 3'!C3,'fold 4'!C3,'fold 5'!C3) -> 0.0088236348 | O3: =_xlfn.STDEV.P('fold 1'!D3,'fold 2'!D3,'fold 3'!D3,'fold 4'!D3,'fold 5'!D3) -> 0.0085193434 | P3: =_xlfn.STDEV.P('fold 1'!E3,'fold 2'!E3,'fold 3'!E3,'fold 4'!E3,'fold 5'!E3) -> 0.01033131 | Q3: =_xlfn.STDEV.P('fold 1'!F3,'fold 2'!F3,'fold 3'!F3,'fold 4'!F3,'fold 5'!F3) -> 0.011857461 | R3: =_xlfn.STDEV.P('fold 1'!G3,'fold 2'!G3,'fold 3'!G3,'fold 4'!G3,'fold 5'!G3) -> 0.008468854 | S3: =_xlfn.STDEV.P('fold 1'!H3,'fold 2'!H3,'fold 3'!H3,'fold 4'!H3,'fold 5'!H3) -> 0.0092491894 | T3: =_xlfn.STDEV.P('fold 1'!I3,'fold 2'!I3,'fold 3'!I3,'fold 4'!I3,'fold 5'!I3) -> 0.0013998113 | U3: =_xlfn.STDEV.P('fold 1'!J3,'fold 2'!J3,'fold 3'!J3,'fold 4'!J3,'fold 5'!J3) -> 0.0046646651
A4: Decision Tree | B4: =AVERAGE('fold 1'!B4,'fold 2'!B4,'fold 3'!B4,'fold 4'!B4,'fold 5'!B4) -> 0.75422534 | C4: =AVERAGE('fold 1'!C4,'fold 2'!C4,'fold 3'!C4,'fold 4'!C4,'fold 5'!C4) -> 0.87669927 | D4: =AVERAGE('fold 1'!D4,'fold 2'!D4,'fold 3'!D4,'fold 4'!D4,'fold 5'!D4) -> 0.75422534 | E4: =AVERAGE('fold 1'!E4,'fold 2'!E4,'fold 3'!E4,'fold 4'!E4,'fold 5'!E4) -> 0.78739719 | F4: =AVERAGE('fold 1'!F4,'fold 2'!F4,'fold 3'!F4,'fold 4'!F4,'fold 5'!F4) -> 0.70494126 | G4: =AVERAGE('fold 1'!G4,'fold 2'!G4,'fold 3'!G4,'fold 4'!G4,'fold 5'!G4) -> 0.73028377 | H4: =AVERAGE('fold 1'!H4,'fold 2'!H4,'fold 3'!H4,'fold 4'!H4,'fold 5'!H4) -> 0.70172229 | I4: =AVERAGE('fold 1'!I4,'fold 2'!I4,'fold 3'!I4,'fold 4'!I4,'fold 5'!I4) -> 0.96368516 | J4: =AVERAGE('fold 1'!J4,'fold 2'!J4,'fold 3'!J4,'fold 4'!J4,'fold 5'!J4) -> 1 | L4: Decision Tree | M4: =_xlfn.STDEV.P('fold 1'!B4,'fold 2'!B4,'fold 3'!B4,'fold 4'!B4,'fold 5'!B4) -> 0.016056018 | N4: =_xlfn.STDEV.P('fold 1'!C4,'fold 2'!C4,'fold 3'!C4,'fold 4'!C4,'fold 5'!C4) -> 0.0062471368 | O4: =_xlfn.STDEV.P('fold 1'!D4,'fold 2'!D4,'fold 3'!D4,'fold 4'!D4,'fold 5'!D4) -> 0.016056018 | P4: =_xlfn.STDEV.P('fold 1'!E4,'fold 2'!E4,'fold 3'!E4,'fold 4'!E4,'fold 5'!E4) -> 0.014558607 | Q4: =_xlfn.STDEV.P('fold 1'!F4,'fold 2'!F4,'fold 3'!F4,'fold 4'!F4,'fold 5'!F4) -> 0.015315113 | R4: =_xlfn.STDEV.P('fold 1'!G4,'fold 2'!G4,'fold 3'!G4,'fold 4'!G4,'fold 5'!G4) -> 0.014043935 | S4: =_xlfn.STDEV.P('fold 1'!H4,'fold 2'!H4,'fold 3'!H4,'fold 4'!H4,'fold 5'!H4) -> 0.017662339 | T4: =_xlfn.STDEV.P('fold 1'!I4,'fold 2'!I4,'fold 3'!I4,'fold 4'!I4,'fold 5'!I4) -> 0.0022779703 | U4: =_xlfn.STDEV.P('fold 1'!J4,'fold 2'!J4,'fold 3'!J4,'fold 4'!J4,'fold 5'!J4) -> 0
A5: Extra Trees | B5: =AVERAGE('fold 1'!B5,'fold 2'!B5,'fold 3'!B5,'fold 4'!B5,'fold 5'!B5) -> 0.97369684 | C5: =AVERAGE('fold 1'!C5,'fold 2'!C5,'fold 3'!C5,'fold 4'!C5,'fold 5'!C5) -> 0.97442596 | D5: =AVERAGE('fold 1'!D5,'fold 2'!D5,'fold 3'!D5,'fold 4'!D5,'fold 5'!D5) -> 0.97369684 | E5: =AVERAGE('fold 1'!E5,'fold 2'!E5,'fold 3'!E5,'fold 4'!E5,'fold 5'!E5) -> 0.97394829 | F5: =AVERAGE('fold 1'!F5,'fold 2'!F5,'fold 3'!F5,'fold 4'!F5,'fold 5'!F5) -> 0.95211481 | G5: =AVERAGE('fold 1'!G5,'fold 2'!G5,'fold 3'!G5,'fold 4'!G5,'fold 5'!G5) -> 0.96557126 | H5: =AVERAGE('fold 1'!H5,'fold 2'!H5,'fold 3'!H5,'fold 4'!H5,'fold 5'!H5) -> 0.96550995 | I5: =AVERAGE('fold 1'!I5,'fold 2'!I5,'fold 3'!I5,'fold 4'!I5,'fold 5'!I5) -> 0.99556261 | J5: =AVERAGE('fold 1'!J5,'fold 2'!J5,'fold 3'!J5,'fold 4'!J5,'fold 5'!J5) -> 1 | L5: Extra Trees | M5: =_xlfn.STDEV.P('fold 1'!B5,'fold 2'!B5,'fold 3'!B5,'fold 4'!B5,'fold 5'!B5) -> 0.0059422297 | N5: =_xlfn.STDEV.P('fold 1'!C5,'fold 2'!C5,'fold 3'!C5,'fold 4'!C5,'fold 5'!C5) -> 0.0061641665 | O5: =_xlfn.STDEV.P('fold 1'!D5,'fold 2'!D5,'fold 3'!D5,'fold 4'!D5,'fold 5'!D5) -> 0.0059422297 | P5: =_xlfn.STDEV.P('fold 1'!E5,'fold 2'!E5,'fold 3'!E5,'fold 4'!E5,'fold 5'!E5) -> 0.0059701566 | Q5: =_xlfn.STDEV.P('fold 1'!F5,'fold 2'!F5,'fold 3'!F5,'fold 4'!F5,'fold 5'!F5) -> 0.010209888 | R5: =_xlfn.STDEV.P('fold 1'!G5,'fold 2'!G5,'fold 3'!G5,'fold 4'!G5,'fold 5'!G5) -> 0.0078749362 | S5: =_xlfn.STDEV.P('fold 1'!H5,'fold 2'!H5,'fold 3'!H5,'fold 4'!H5,'fold 5'!H5) -> 0.0078308925 | T5: =_xlfn.STDEV.P('fold 1'!I5,'fold 2'!I5,'fold 3'!I5,'fold 4'!I5,'fold 5'!I5) -> 0.001134518 | U5: =_xlfn.STDEV.P('fold 1'!J5,'fold 2'!J5,'fold 3'!J5,'fold 4'!J5,'fold 5'!J5) -> 0
A6: Bagging Classifier | B6: =AVERAGE('fold 1'!B6,'fold 2'!B6,'fold 3'!B6,'fold 4'!B6,'fold 5'!B6) -> 0.75347249 | C6: =AVERAGE('fold 1'!C6,'fold 2'!C6,'fold 3'!C6,'fold 4'!C6,'fold 5'!C6) -> 0.87768048 | D6: =AVERAGE('fold 1'!D6,'fold 2'!D6,'fold 3'!D6,'fold 4'!D6,'fold 5'!D6) -> 0.75347249 | E6: =AVERAGE('fold 1'!E6,'fold 2'!E6,'fold 3'!E6,'fold 4'!E6,'fold 5'!E6) -> 0.78602184 | F6: =AVERAGE('fold 1'!F6,'fold 2'!F6,'fold 3'!F6,'fold 4'!F6,'fold 5'!F6) -> 0.7021963 | G6: =AVERAGE('fold 1'!G6,'fold 2'!G6,'fold 3'!G6,'fold 4'!G6,'fold 5'!G6) -> 0.7308265 | H6: =AVERAGE('fold 1'!H6,'fold 2'!H6,'fold 3'!H6,'fold 4'!H6,'fold 5'!H6) -> 0.70122505 | I6: =AVERAGE('fold 1'!I6,'fold 2'!I6,'fold 3'!I6,'fold 4'!I6,'fold 5'!I6) -> 0.96369831 | J6: =AVERAGE('fold 1'!J6,'fold 2'!J6,'fold 3'!J6,'fold 4'!J6,'fold 5'!J6) -> 1 | L6: Bagging Classifier | M6: =_xlfn.STDEV.P('fold 1'!B6,'fold 2'!B6,'fold 3'!B6,'fold 4'!B6,'fold 5'!B6) -> 0.01615622 | N6: =_xlfn.STDEV.P('fold 1'!C6,'fold 2'!C6,'fold 3'!C6,'fold 4'!C6,'fold 5'!C6) -> 0.0054563893 | O6: =_xlfn.STDEV.P('fold 1'!D6,'fold 2'!D6,'fold 3'!D6,'fold 4'!D6,'fold 5'!D6) -> 0.01615622 | P6: =_xlfn.STDEV.P('fold 1'!E6,'fold 2'!E6,'fold 3'!E6,'fold 4'!E6,'fold 5'!E6) -> 0.014552434 | Q6: =_xlfn.STDEV.P('fold 1'!F6,'fold 2'!F6,'fold 3'!F6,'fold 4'!F6,'fold 5'!F6) -> 0.014454591 | R6: =_xlfn.STDEV.P('fold 1'!G6,'fold 2'!G6,'fold 3'!G6,'fold 4'!G6,'fold 5'!G6) -> 0.013693949 | S6: =_xlfn.STDEV.P('fold 1'!H6,'fold 2'!H6,'fold 3'!H6,'fold 4'!H6,'fold 5'!H6) -> 0.017626679 | T6: =_xlfn.STDEV.P('fold 1'!I6,'fold 2'!I6,'fold 3'!I6,'fold 4'!I6,'fold 5'!I6) -> 0.0022400071 | U6: =_xlfn.STDEV.P('fold 1'!J6,'fold 2'!J6,'fold 3'!J6,'fold 4'!J6,'fold 5'!J6) -> 0
A7: XGBoost | B7: =AVERAGE('fold 1'!B7,'fold 2'!B7,'fold 3'!B7,'fold 4'!B7,'fold 5'!B7) -> 0.75803378 | C7: =AVERAGE('fold 1'!C7,'fold 2'!C7,'fold 3'!C7,'fold 4'!C7,'fold 5'!C7) -> 0.88570871 | D7: =AVERAGE('fold 1'!D7,'fold 2'!D7,'fold 3'!D7,'fold 4'!D7,'fold 5'!D7) -> 0.75803378 | E7: =AVERAGE('fold 1'!E7,'fold 2'!E7,'fold 3'!E7,'fold 4'!E7,'fold 5'!E7) -> 0.79028638 | F7: =AVERAGE('fold 1'!F7,'fold 2'!F7,'fold 3'!F7,'fold 4'!F7,'fold 5'!F7) -> 0.70722122 | G7: =AVERAGE('fold 1'!G7,'fold 2'!G7,'fold 3'!G7,'fold 4'!G7,'fold 5'!G7) -> 0.73820264 | H7: =AVERAGE('fold 1'!H7,'fold 2'!H7,'fold 3'!H7,'fold 4'!H7,'fold 5'!H7) -> 0.70716864 | I7: =AVERAGE('fold 1'!I7,'fold 2'!I7,'fold 3'!I7,'fold 4'!I7,'fold 5'!I7) -> 0.96465255 | J7: =AVERAGE('fold 1'!J7,'fold 2'!J7,'fold 3'!J7,'fold 4'!J7,'fold 5'!J7) -> 1 | L7: XGBoost | M7: =_xlfn.STDEV.P('fold 1'!B7,'fold 2'!B7,'fold 3'!B7,'fold 4'!B7,'fold 5'!B7) -> 0.013738921 | N7: =_xlfn.STDEV.P('fold 1'!C7,'fold 2'!C7,'fold 3'!C7,'fold 4'!C7,'fold 5'!C7) -> 0.0042148129 | O7: =_xlfn.STDEV.P('fold 1'!D7,'fold 2'!D7,'fold 3'!D7,'fold 4'!D7,'fold 5'!D7) -> 0.013738921 | P7: =_xlfn.STDEV.P('fold 1'!E7,'fold 2'!E7,'fold 3'!E7,'fold 4'!E7,'fold 5'!E7) -> 0.012788693 | Q7: =_xlfn.STDEV.P('fold 1'!F7,'fold 2'!F7,'fold 3'!F7,'fold 4'!F7,'fold 5'!F7) -> 0.013635985 | R7: =_xlfn.STDEV.P('fold 1'!G7,'fold 2'!G7,'fold 3'!G7,'fold 4'!G7,'fold 5'!G7) -> 0.010748621 | S7: =_xlfn.STDEV.P('fold 1'!H7,'fold 2'!H7,'fold 3'!H7,'fold 4'!H7,'fold 5'!H7) -> 0.014778911 | T7: =_xlfn.STDEV.P('fold 1'!I7,'fold 2'!I7,'fold 3'!I7,'fold 4'!I7,'fold 5'!I7) -> 0.0018465154 | U7: =_xlfn.STDEV.P('fold 1'!J7,'fold 2'!J7,'fold 3'!J7,'fold 4'!J7,'fold 5'!J7) -> 0
A8: LightGBM | B8: =AVERAGE('fold 1'!B8,'fold 2'!B8,'fold 3'!B8,'fold 4'!B8,'fold 5'!B8) -> 0.7964665 | C8: =AVERAGE('fold 1'!C8,'fold 2'!C8,'fold 3'!C8,'fold 4'!C8,'fold 5'!C8) -> 0.89529653 | D8: =AVERAGE('fold 1'!D8,'fold 2'!D8,'fold 3'!D8,'fold 4'!D8,'fold 5'!D8) -> 0.7964665 | E8: =AVERAGE('fold 1'!E8,'fold 2'!E8,'fold 3'!E8,'fold 4'!E8,'fold 5'!E8) -> 0.82445311 | F8: =AVERAGE('fold 1'!F8,'fold 2'!F8,'fold 3'!F8,'fold 4'!F8,'fold 5'!F8) -> 0.74537671 | G8: =AVERAGE('fold 1'!G8,'fold 2'!G8,'fold 3'!G8,'fold 4'!G8,'fold 5'!G8) -> 0.77068313 | H8: =AVERAGE('fold 1'!H8,'fold 2'!H8,'fold 3'!H8,'fold 4'!H8,'fold 5'!H8) -> 0.74965369 | I8: =AVERAGE('fold 1'!I8,'fold 2'!I8,'fold 3'!I8,'fold 4'!I8,'fold 5'!I8) -> 0.96989422 | J8: =AVERAGE('fold 1'!J8,'fold 2'!J8,'fold 3'!J8,'fold 4'!J8,'fold 5'!J8) -> 1 | L8: LightGBM | M8: =_xlfn.STDEV.P('fold 1'!B8,'fold 2'!B8,'fold 3'!B8,'fold 4'!B8,'fold 5'!B8) -> 0.016820817 | N8: =_xlfn.STDEV.P('fold 1'!C8,'fold 2'!C8,'fold 3'!C8,'fold 4'!C8,'fold 5'!C8) -> 0.0042937856 | O8: =_xlfn.STDEV.P('fold 1'!D8,'fold 2'!D8,'fold 3'!D8,'fold 4'!D8,'fold 5'!D8) -> 0.016820817 | P8: =_xlfn.STDEV.P('fold 1'!E8,'fold 2'!E8,'fold 3'!E8,'fold 4'!E8,'fold 5'!E8) -> 0.014446094 | Q8: =_xlfn.STDEV.P('fold 1'!F8,'fold 2'!F8,'fold 3'!F8,'fold 4'!F8,'fold 5'!F8) -> 0.01680365 | R8: =_xlfn.STDEV.P('fold 1'!G8,'fold 2'!G8,'fold 3'!G8,'fold 4'!G8,'fold 5'!G8) -> 0.014773256 | S8: =_xlfn.STDEV.P('fold 1'!H8,'fold 2'!H8,'fold 3'!H8,'fold 4'!H8,'fold 5'!H8) -> 0.018845876 | T8: =_xlfn.STDEV.P('fold 1'!I8,'fold 2'!I8,'fold 3'!I8,'fold 4'!I8,'fold 5'!I8) -> 0.0023073603 | U8: =_xlfn.STDEV.P('fold 1'!J8,'fold 2'!J8,'fold 3'!J8,'fold 4'!J8,'fold 5'!J8) -> 0
A9: CatBoost | B9: =AVERAGE('fold 1'!B9,'fold 2'!B9,'fold 3'!B9,'fold 4'!B9,'fold 5'!B9) -> 0.056133477 | C9: =AVERAGE('fold 1'!C9,'fold 2'!C9,'fold 3'!C9,'fold 4'!C9,'fold 5'!C9) -> 0.0031438318 | D9: =AVERAGE('fold 1'!D9,'fold 2'!D9,'fold 3'!D9,'fold 4'!D9,'fold 5'!D9) -> 0.056133477 | E9: =AVERAGE('fold 1'!E9,'fold 2'!E9,'fold 3'!E9,'fold 4'!E9,'fold 5'!E9) -> 0.0059623198 | F9: =AVERAGE('fold 1'!F9,'fold 2'!F9,'fold 3'!F9,'fold 4'!F9,'fold 5'!F9) -> 0.0031438318 | G9: =AVERAGE('fold 1'!G9,'fold 2'!G9,'fold 3'!G9,'fold 4'!G9,'fold 5'!G9) -> 0 | H9: =AVERAGE('fold 1'!H9,'fold 2'!H9,'fold 3'!H9,'fold 4'!H9,'fold 5'!H9) -> 0 | I9: =AVERAGE('fold 1'!I9,'fold 2'!I9,'fold 3'!I9,'fold 4'!I9,'fold 5'!I9) -> 0.875 | J9: =AVERAGE('fold 1'!J9,'fold 2'!J9,'fold 3'!J9,'fold 4'!J9,'fold 5'!J9) -> 1 | L9: CatBoost | M9: =_xlfn.STDEV.P('fold 1'!B9,'fold 2'!B9,'fold 3'!B9,'fold 4'!B9,'fold 5'!B9) -> 0.00062179442 | N9: =_xlfn.STDEV.P('fold 1'!C9,'fold 2'!C9,'fold 3'!C9,'fold 4'!C9,'fold 5'!C9) -> 6.1836578e-05 | O9: =_xlfn.STDEV.P('fold 1'!D9,'fold 2'!D9,'fold 3'!D9,'fold 4'!D9,'fold 5'!D9) -> 0.00062179442 | P9: =_xlfn.STDEV.P('fold 1'!E9,'fold 2'!E9,'fold 3'!E9,'fold 4'!E9,'fold 5'!E9) -> 0.00012267219 | Q9: =_xlfn.STDEV.P('fold 1'!F9,'fold 2'!F9,'fold 3'!F9,'fold 4'!F9,'fold 5'!F9) -> 6.1836578e-05 | R9: =_xlfn.STDEV.P('fold 1'!G9,'fold 2'!G9,'fold 3'!G9,'fold 4'!G9,'fold 5'!G9) -> 0 | S9: =_xlfn.STDEV.P('fold 1'!H9,'fold 2'!H9,'fold 3'!H9,'fold 4'!H9,'fold 5'!H9) -> 0 | T9: =_xlfn.STDEV.P('fold 1'!I9,'fold 2'!I9,'fold 3'!I9,'fold 4'!I9,'fold 5'!I9) -> 0 | U9: =_xlfn.STDEV.P('fold 1'!J9,'fold 2'!J9,'fold 3'!J9,'fold 4'!J9,'fold 5'!J9) -> 0
A14: Evaluation metrics | B14: Accuracy | C14: Precision | D14: Recall | E14: F1 Score | F14: Jaccard Index | G14: Matthews CorrCoef | H14: Cohen’s Kappa | I14: Specificity | J14: AUC | L14: Evaluation metrics | M14: RF | N14: KNN | O14: DT | P14: ET | Q14: Bagging | R14: XGB | S14: LGB
A15: Random Forest | B15: =_xlfn.CONCAT(TEXT(B2*100,"0.00"),"±",TEXT(M2*100,"0.00"),"%") -> 92.62±1.27% | C15: =_xlfn.CONCAT(TEXT(C2*100,"0.00"),"±",TEXT(N2*100,"0.00"),"%") -> 94.96±0.74% | D15: =_xlfn.CONCAT(TEXT(D2*100,"0.00"),"±",TEXT(O2*100,"0.00"),"%") -> 92.62±1.27% | E15: =_xlfn.CONCAT(TEXT(E2*100,"0.00"),"±",TEXT(P2*100,"0.00"),"%") -> 93.28±1.07% | F15: =_xlfn.CONCAT(TEXT(F2*100,"0.00"),"±",TEXT(Q2*100,"0.00"),"%") -> 88.67±1.59% | G15: =_xlfn.CONCAT(TEXT(G2*100,"0.00"),"±",TEXT(R2*100,"0.00"),"%") -> 90.88±1.44% | H15: =_xlfn.CONCAT(TEXT(H2*100,"0.00"),"±",TEXT(S2*100,"0.00"),"%") -> 90.53±1.57% | I15: =_xlfn.CONCAT(TEXT(I2*100,"0.00"),"±",TEXT(T2*100,"0.00"),"%") -> 98.90±0.18% | J15: =_xlfn.CONCAT(TEXT(J2*100,"0.00"),"±",TEXT(U2*100,"0.00"),"%") -> 100.00±0.00% | L15: Accuracy | M15: 92.62±1.27% | N15: 69.43±0.85% | O15: 75.42±1.61% | P15: 97.37±0.59% | Q15: 75.35±1.62% | R15: 75.80±1.37% | S15: 79.65±1.68%
A16: K-Nearest Neighbors | B16: =_xlfn.CONCAT(TEXT(B3*100,"0.00"),"±",TEXT(M3*100,"0.00"),"%") -> 69.43±0.85% | C16: =_xlfn.CONCAT(TEXT(C3*100,"0.00"),"±",TEXT(N3*100,"0.00"),"%") -> 75.83±0.88% | D16: =_xlfn.CONCAT(TEXT(D3*100,"0.00"),"±",TEXT(O3*100,"0.00"),"%") -> 69.43±0.85% | E16: =_xlfn.CONCAT(TEXT(E3*100,"0.00"),"±",TEXT(P3*100,"0.00"),"%") -> 69.27±1.03% | F16: =_xlfn.CONCAT(TEXT(F3*100,"0.00"),"±",TEXT(Q3*100,"0.00"),"%") -> 53.31±1.19% | G16: =_xlfn.CONCAT(TEXT(G3*100,"0.00"),"±",TEXT(R3*100,"0.00"),"%") -> 64.85±0.85% | H16: =_xlfn.CONCAT(TEXT(H3*100,"0.00"),"±",TEXT(S3*100,"0.00"),"%") -> 63.08±0.92% | I16: =_xlfn.CONCAT(TEXT(I3*100,"0.00"),"±",TEXT(T3*100,"0.00"),"%") -> 95.65±0.14% | J16: =_xlfn.CONCAT(TEXT(J3*100,"0.00"),"±",TEXT(U3*100,"0.00"),"%") -> 98.87±0.47% | L16: Precision | M16: 94.96±0.74% | N16: 75.83±0.88% | O16: 87.67±0.62% | P16: 97.44±0.62% | Q16: 87.77±0.55% | R16: 88.57±0.42% | S16: 89.53±0.43%
A17: Decision Tree | B17: =_xlfn.CONCAT(TEXT(B4*100,"0.00"),"±",TEXT(M4*100,"0.00"),"%") -> 75.42±1.61% | C17: =_xlfn.CONCAT(TEXT(C4*100,"0.00"),"±",TEXT(N4*100,"0.00"),"%") -> 87.67±0.62% | D17: =_xlfn.CONCAT(TEXT(D4*100,"0.00"),"±",TEXT(O4*100,"0.00"),"%") -> 75.42±1.61% | E17: =_xlfn.CONCAT(TEXT(E4*100,"0.00"),"±",TEXT(P4*100,"0.00"),"%") -> 78.74±1.46% | F17: =_xlfn.CONCAT(TEXT(F4*100,"0.00"),"±",TEXT(Q4*100,"0.00"),"%") -> 70.49±1.53% | G17: =_xlfn.CONCAT(TEXT(G4*100,"0.00"),"±",TEXT(R4*100,"0.00"),"%") -> 73.03±1.40% | H17: =_xlfn.CONCAT(TEXT(H4*100,"0.00"),"±",TEXT(S4*100,"0.00"),"%") -> 70.17±1.77% | I17: =_xlfn.CONCAT(TEXT(I4*100,"0.00"),"±",TEXT(T4*100,"0.00"),"%") -> 96.37±0.23% | J17: =_xlfn.CONCAT(TEXT(J4*100,"0.00"),"±",TEXT(U4*100,"0.00"),"%") -> 100.00±0.00% | L17: Recall | M17: 92.62±1.27% | N17: 69.43±0.85% | O17: 75.42±1.61% | P17: 97.37±0.59% | Q17: 75.35±1.62% | R17: 75.80±1.37% | S17: 79.65±1.68%
A18: Extra Trees | B18: =_xlfn.CONCAT(TEXT(B5*100,"0.00"),"±",TEXT(M5*100,"0.00"),"%") -> 97.37±0.59% | C18: =_xlfn.CONCAT(TEXT(C5*100,"0.00"),"±",TEXT(N5*100,"0.00"),"%") -> 97.44±0.62% | D18: =_xlfn.CONCAT(TEXT(D5*100,"0.00"),"±",TEXT(O5*100,"0.00"),"%") -> 97.37±0.59% | E18: =_xlfn.CONCAT(TEXT(E5*100,"0.00"),"±",TEXT(P5*100,"0.00"),"%") -> 97.39±0.60% | F18: =_xlfn.CONCAT(TEXT(F5*100,"0.00"),"±",TEXT(Q5*100,"0.00"),"%") -> 95.21±1.02% | G18: =_xlfn.CONCAT(TEXT(G5*100,"0.00"),"±",TEXT(R5*100,"0.00"),"%") -> 96.56±0.79% | H18: =_xlfn.CONCAT(TEXT(H5*100,"0.00"),"±",TEXT(S5*100,"0.00"),"%") -> 96.55±0.78% | I18: =_xlfn.CONCAT(TEXT(I5*100,"0.00"),"±",TEXT(T5*100,"0.00"),"%") -> 99.56±0.11% | J18: =_xlfn.CONCAT(TEXT(J5*100,"0.00"),"±",TEXT(U5*100,"0.00"),"%") -> 100.00±0.00% | L18: F1 Score | M18: 93.28±1.07% | N18: 69.27±1.03% | O18: 78.74±1.46% | P18: 97.39±0.60% | Q18: 78.60±1.46% | R18: 79.03±1.28% | S18: 82.45±1.44%
A19: Bagging Classifier | B19: =_xlfn.CONCAT(TEXT(B6*100,"0.00"),"±",TEXT(M6*100,"0.00"),"%") -> 75.35±1.62% | C19: =_xlfn.CONCAT(TEXT(C6*100,"0.00"),"±",TEXT(N6*100,"0.00"),"%") -> 87.77±0.55% | D19: =_xlfn.CONCAT(TEXT(D6*100,"0.00"),"±",TEXT(O6*100,"0.00"),"%") -> 75.35±1.62% | E19: =_xlfn.CONCAT(TEXT(E6*100,"0.00"),"±",TEXT(P6*100,"0.00"),"%") -> 78.60±1.46% | F19: =_xlfn.CONCAT(TEXT(F6*100,"0.00"),"±",TEXT(Q6*100,"0.00"),"%") -> 70.22±1.45% | G19: =_xlfn.CONCAT(TEXT(G6*100,"0.00"),"±",TEXT(R6*100,"0.00"),"%") -> 73.08±1.37% | H19: =_xlfn.CONCAT(TEXT(H6*100,"0.00"),"±",TEXT(S6*100,"0.00"),"%") -> 70.12±1.76% | I19: =_xlfn.CONCAT(TEXT(I6*100,"0.00"),"±",TEXT(T6*100,"0.00"),"%") -> 96.37±0.22% | J19: =_xlfn.CONCAT(TEXT(J6*100,"0.00"),"±",TEXT(U6*100,"0.00"),"%") -> 100.00±0.00% | L19: Jaccard Index | M19: 88.67±1.59% | N19: 53.31±1.19% | O19: 70.49±1.53% | P19: 95.21±1.02% | Q19: 70.22±1.45% | R19: 70.72±1.36% | S19: 74.54±1.68%
A20: XGBoost | B20: =_xlfn.CONCAT(TEXT(B7*100,"0.00"),"±",TEXT(M7*100,"0.00"),"%") -> 75.80±1.37% | C20: =_xlfn.CONCAT(TEXT(C7*100,"0.00"),"±",TEXT(N7*100,"0.00"),"%") -> 88.57±0.42% | D20: =_xlfn.CONCAT(TEXT(D7*100,"0.00"),"±",TEXT(O7*100,"0.00"),"%") -> 75.80±1.37% | E20: =_xlfn.CONCAT(TEXT(E7*100,"0.00"),"±",TEXT(P7*100,"0.00"),"%") -> 79.03±1.28% | F20: =_xlfn.CONCAT(TEXT(F7*100,"0.00"),"±",TEXT(Q7*100,"0.00"),"%") -> 70.72±1.36% | G20: =_xlfn.CONCAT(TEXT(G7*100,"0.00"),"±",TEXT(R7*100,"0.00"),"%") -> 73.82±1.07% | H20: =_xlfn.CONCAT(TEXT(H7*100,"0.00"),"±",TEXT(S7*100,"0.00"),"%") -> 70.72±1.48% | I20: =_xlfn.CONCAT(TEXT(I7*100,"0.00"),"±",TEXT(T7*100,"0.00"),"%") -> 96.47±0.18% | J20: =_xlfn.CONCAT(TEXT(J7*100,"0.00"),"±",TEXT(U7*100,"0.00"),"%") -> 100.00±0.00% | L20: Matthews CorrCoef | M20: 90.88±1.44% | N20: 64.85±0.85% | O20: 73.03±1.40% | P20: 96.56±0.79% | Q20: 73.08±1.37% | R20: 73.82±1.07% | S20: 77.07±1.48%
A21: LightGBM | B21: =_xlfn.CONCAT(TEXT(B8*100,"0.00"),"±",TEXT(M8*100,"0.00"),"%") -> 79.65±1.68% | C21: =_xlfn.CONCAT(TEXT(C8*100,"0.00"),"±",TEXT(N8*100,"0.00"),"%") -> 89.53±0.43% | D21: =_xlfn.CONCAT(TEXT(D8*100,"0.00"),"±",TEXT(O8*100,"0.00"),"%") -> 79.65±1.68% | E21: =_xlfn.CONCAT(TEXT(E8*100,"0.00"),"±",TEXT(P8*100,"0.00"),"%") -> 82.45±1.44% | F21: =_xlfn.CONCAT(TEXT(F8*100,"0.00"),"±",TEXT(Q8*100,"0.00"),"%") -> 74.54±1.68% | G21: =_xlfn.CONCAT(TEXT(G8*100,"0.00"),"±",TEXT(R8*100,"0.00"),"%") -> 77.07±1.48% | H21: =_xlfn.CONCAT(TEXT(H8*100,"0.00"),"±",TEXT(S8*100,"0.00"),"%") -> 74.97±1.88% | I21: =_xlfn.CONCAT(TEXT(I8*100,"0.00"),"±",TEXT(T8*100,"0.00"),"%") -> 96.99±0.23% | J21: =_xlfn.CONCAT(TEXT(J8*100,"0.00"),"±",TEXT(U8*100,"0.00"),"%") -> 100.00±0.00% | L21: Cohen’s Kappa | M21: 90.53±1.57% | N21: 63.08±0.92% | O21: 70.17±1.77% | P21: 96.55±0.78% | Q21: 70.12±1.76% | R21: 70.72±1.48% | S21: 74.97±1.88%
A22: CatBoost | B22: =_xlfn.CONCAT(TEXT(B9*100,"0.00"),"±",TEXT(M9*100,"0.00"),"%") -> 5.61±0.06% | C22: =_xlfn.CONCAT(TEXT(C9*100,"0.00"),"±",TEXT(N9*100,"0.00"),"%") -> 0.31±0.01% | D22: =_xlfn.CONCAT(TEXT(D9*100,"0.00"),"±",TEXT(O9*100,"0.00"),"%") -> 5.61±0.06% | E22: =_xlfn.CONCAT(TEXT(E9*100,"0.00"),"±",TEXT(P9*100,"0.00"),"%") -> 0.60±0.01% | F22: =_xlfn.CONCAT(TEXT(F9*100,"0.00"),"±",TEXT(Q9*100,"0.00"),"%") -> 0.31±0.01% | G22: =_xlfn.CONCAT(TEXT(G9*100,"0.00"),"±",TEXT(R9*100,"0.00"),"%") -> 0.00±0.00% | H22: =_xlfn.CONCAT(TEXT(H9*100,"0.00"),"±",TEXT(S9*100,"0.00"),"%") -> 0.00±0.00% | I22: =_xlfn.CONCAT(TEXT(I9*100,"0.00"),"±",TEXT(T9*100,"0.00"),"%") -> 87.50±0.00% | J22: =_xlfn.CONCAT(TEXT(J9*100,"0.00"),"±",TEXT(U9*100,"0.00"),"%") -> 100.00±0.00% | L22: Specificity | M22: 98.90±0.18% | N22: 95.65±0.14% | O22: 96.37±0.23% | P22: 99.56±0.11% | Q22: 96.37±0.22% | R22: 96.47±0.18% | S22: 96.99±0.23%
L23: AUC | M23: 100.00±0.00% | N23: 98.87±0.47% | O23: 100.00±0.00% | P23: 100.00±0.00% | Q23: 100.00±0.00% | R23: 100.00±0.00% | S23: 100.00±0.00%
A26: Evaluation metrics | B26: Accuracy | C26: Precision | D26: Recall | E26: F1 Score | F26: Jaccard Index | G26: Matthews CorrCoef | H26: Cohen’s Kappa | I26: Specificity | J26: AUC
A27: Random Forest | B27: 92.62±1.27% | C27: 94.96±0.74% | D27: 92.62±1.27% | E27: 93.28±1.07% | F27: 88.67±1.59% | G27: 90.88±1.44% | H27: 90.53±1.57% | I27: 98.90±0.18% | J27: 100.00±0.00%
A28: K-Nearest Neighbors | B28: 69.43±0.85% | C28: 75.83±0.88% | D28: 69.43±0.85% | E28: 69.27±1.03% | F28: 53.31±1.19% | G28: 64.85±0.85% | H28: 63.08±0.92% | I28: 95.65±0.14% | J28: 98.87±0.47%
A29: Decision Tree | B29: 75.42±1.61% | C29: 87.67±0.62% | D29: 75.42±1.61% | E29: 78.74±1.46% | F29: 70.49±1.53% | G29: 73.03±1.40% | H29: 70.17±1.77% | I29: 96.37±0.23% | J29: 100.00±0.00%
A30: Extra Trees | B30: 97.37±0.59% | C30: 97.44±0.62% | D30: 97.37±0.59% | E30: 97.39±0.60% | F30: 95.21±1.02% | G30: 96.56±0.79% | H30: 96.55±0.78% | I30: 99.56±0.11% | J30: 100.00±0.00%
A31: Bagging Classifier | B31: 75.35±1.62% | C31: 87.77±0.55% | D31: 75.35±1.62% | E31: 78.60±1.46% | F31: 70.22±1.45% | G31: 73.08±1.37% | H31: 70.12±1.76% | I31: 96.37±0.22% | J31: 100.00±0.00%
A32: XGBoost | B32: 75.80±1.37% | C32: 88.57±0.42% | D32: 75.80±1.37% | E32: 79.03±1.28% | F32: 70.72±1.36% | G32: 73.82±1.07% | H32: 70.72±1.48% | I32: 96.47±0.18% | J32: 100.00±0.00%
A33: LightGBM | B33: 79.65±1.68% | C33: 89.53±0.43% | D33: 79.65±1.68% | E33: 82.45±1.44% | F33: 74.54±1.68% | G33: 77.07±1.48% | H33: 74.97±1.88% | I33: 96.99±0.23% | J33: 100.00±0.00%
